donor_id,count
TSP2,25520
TSP1,23366
TSP25,12994
F41,10673
TSP21,7532
F38,5982
Ipi/Nivo resistant,5800
PD43824,5640
TSP14,5139
TxK4,5004
Untreated 1,4659
F35,4566
Nivo-exposed,4144
PD47171,4042
F45,4038
Case 2,3967
Case 3,3950
PD45816,3791
PD47172,3752
Ipi/Nivo mixed response,3697
PD45815,3598
Patient2_T3,3491
2,3479
HLCALUAD_2,3254
Donor15,3201
TSP27,3038
CID44971,2934
Donor33,2831
CID3586,2773
RU1108,2748
PD45814,2669
CID4495,2614
Donor26,2583
CID4513,2507
3,2502
CID4398,2300
AziziBRCA_4,2278
Case 4,2245
Ipi/Nivo complete response,2172
RCC1,2112
30-10125,2052
HLCALUAD_3,2040
Donor34,2026
PD47512,1960
QianBRCA_BC_2,1946
32-10074,1919
CID4471,1881
CID4066,1831
CID3963,1814
356C,1779
390C,1709
HT-182,1678
Donor8,1647
TBB035,1631
BIOKEY_4,1624
367C,1603
TBB129,1585
HDBR15168,1575
pal_Patient 0167,1572
368C,1553
Donor9,1530
TBB214,1529
Leader_Merad_2021_706,1524
UKIM-V_P2,1483
Leader_Merad_2021_695,1463
case_4_donor,1462
NU_CZI01,1456
A43,1452
BIOKEY_12,1442
34-10050,1439
Chen_Zhang_2020_NSCLC-10,1438
Chen_Zhang_2020_NSCLC-11,1438
30-10018,1376
Donor36,1370
NU_CZI02,1329
BIOKEY_5,1275
29-10012,1230
Donor11,1215
AziziBRCA_2,1195
Donor25,1170
Untreated 2,1164
CID45171,1158
He_Fan_2021_P5,1153
PD44966,1152
P46,1138
HDBR15219,1133
Emp1,1129
TBB330,1123
P124,1114
CID3921,1091
RCC2,1083
CID4040,1077
TBB011,1046
D038,1031
BIOKEY_19,1030
ZilionisLUAD_p1,1015
P82,1010
BIOKEY_10,1003
BIOKEY_15,1002
CID3948,1000
20-649_N,996
Emp3,995
RU1145,992
29-10006,976
F17,957
BIOKEY_16,955
CID3838,943
Chen_Zhang_2020_NSCLC-5,940
HDBR15233,934
RU1134,930
TBB338,928
donor 2,927
BIOKEY_14,924
Madissoon_Meyer_2020_390C,918
NL1,915
Lambrechts_Thienpont_2018_6149v2_4,912
donor 3,898
A26 (386C),896
BIOKEY_1,895
RU1170,893
RU1229,880
Lambrechts_Thienpont_2018_6149v2_5,876
A37,860
31-10040,858
TxK1,834
BIOKEY_18,833
RU1066,833
homosapiens_None_2023_None_sikkemalisa_002_d10_1101_2022_03_10_483747A26,833
D051,832
P20,830
32-10034,823
CID4530N,816
homosapiens_None_2023_None_sikkemalisa_002_d10_1101_2022_03_10_483747PMB_2,810
Patient4_T7,806
BIOKEY_2,804
He_Fan_2021_P2,800
HTA8_1029,795
H27772,794
A26,772
Emp2,768
CID4515,766
P103,759
RU682,756
TBB184,754
TBB111,746
BIOKEY_33,732
HBCA_Donor_50,727
BIOKEY_6,720
BIOKEY_13,720
pal_Patient 0177,719
ZilionisLUAD_p2,710
ZilionisLUAD_p3,705
Lambrechts_Thienpont_2018_6149v2_3,705
SS_2017,704
case_5_donor,698
6,697
A44,694
AziziBRCA_1,689
Chen_Zhang_2020_NSCLC-7,681
HBCA_Donor_46,680
BC392_Tumor,674
RU1262,673
P24,670
HDBR14853,664
P95,664
29-10013,663
31-10035,662
VUHD67,662
Zilionis_Klein_2019_patient_3,662
Chen_Zhang_2020_NSCLC-3,660
CID4067,660
NL2,659
Kumar_P51,653
RU675,653
P51,650
QianBRCA_BC_4,649
Donor41,648
Donor37,648
QianLUAD_LC_3,643
homosapiens_None_2023_None_sikkemalisa_002_d10_1101_2022_03_10_483747390C,630
29-10398,625
syn21041850_P2,621
SS_2023,618
29-10010,617
QianBRCA_BC_5,617
Case 1,611
QianLUAD_LC_5,611
P49,608
He_Fan_2021_P1,605
BIOKEY_35,604
QianLUAD_LC_4,600
PD47465,599
1,597
33-10005,596
CID4535,596
homosapiens_None_2023_None_sikkemalisa_001_d10_1101_2022_03_10_483747390C,589
UKIM-V-2_P6,588
29-10011,585
HDBR15167,584
Kumar_P46,583
Donor38,582
case_1_donor,581
HT-187,581
homosapiens_None_2023_None_sikkemalisa_001_d10_1101_2022_03_10_483747donor 2,573
homosapiens_None_2023_None_sikkemalisa_002_d10_1101_2022_03_10_483747donor 2,572
pal_Patient 0025,571
P48,568
pal_Patient 0176,567
RCC3,565
CID44041,564
HTA8_1031,561
Lambrechts_Thienpont_2018_6653_8,560
CID44991,559
32-10003,558
CID4290A,557
20-668_N,554
BIOKEY_36,553
RU1137,553
PRE019,553
UKIM-V-2_P10,549
Kumar_P09,545
P41,543
NL3,542
RU1181,540
P36,540
case_3_donor,538
Goveia_Carmeliet_2020_patient_40,530
wu_natgen_CID4513,526
wu_natgen_CID3946,525
Madissoon_Meyer_2020_367C,525
VUHD94,521
homosapiens_None_2023_None_sikkemalisa_001_d10_1101_2022_03_10_483747donor 3,517
wu_natgen_CID4066,517
Madissoon_Meyer_2020_356C,512
lafy_donor_6,512
29-10410,512
Kumar_P20,510
Patient3_T6,510
homosapiens_None_2023_None_sikkemalisa_002_d10_1101_2022_03_10_483747A37,508
homosapiens_None_2023_None_sikkemalisa_002_d10_1101_2022_03_10_483747donor 3,507
Lambrechts_Thienpont_2018_6653_6,503
THD0005,502
Donor42,501
wu_natgen_CID4465,500
HDBR15280,496
P43,493
wu_natgen_CID4471,493
pal_Patient 0337,491
Kim_Lee_2020_P0031,485
RU426,484
P03,483
Kim_Lee_2020_P0008,483
BIOKEY_3,480
BIOKEY_27,480
pal_Patient 0114,475
RU1128,474
RU1057,472
homosapiens_None_2023_None_sikkemalisa_002_d10_1101_2022_03_10_483747A43,471
qian_53,467
Chen_Zhang_2020_NSCLC-4,466
RU1061,465
RU685,461
pal_Patient 0043,459
29-10016,459
Chen_Zhang_2020_NSCLC-6,455
P91,454
21_019,453
SS_2026,451
Kumar_P54,449
P54,448
Kim_Lee_2020_P0030,446
He_Fan_2021_P3,442
29-10380,442
AziziBRCA_7,442
Kim_Lee_2020_P0019,442
RU661,442
Wu_Zhou_2021_P4,440
Travaglini_Krasnow_2020_Lung_P2,435
P52,433
BIOKEY_11,433
pal_Patient 0178,432
QianBRCA_BC_3,432
HTA8_1005,432
QianBRCA_BC_11,429
SS_2007,424
QianBRCA_BC_13,422
UKIM-V-2_P9,419
QianLUAD_LC_7,416
34-10187,415
P38,414
UKIM-V_P3,414
pal_Patient 0173,413
31-10001,413
PRECISE-38,412
Goveia_Carmeliet_2020_patient_42,411
D529,408
21_016,408
P86,406
P111,404
HBCA_Donor_39,403
BIOKEY_9,401
Leader_Merad_2021_626,401
RU676,400
F16,399
VUILD85,398
29-10404,396
Kim_Lee_2020_P0020,396
Leader_Merad_2021_522,395
He_Fan_2021_P4,394
343B,394
HBCA_Donor_10,394
P09,393
Kim_Lee_2020_P0025,393
VUHD68,392
P44,391
BIOKEY_24,391
P97,391
Kim_Lee_2020_P0028,390
VUHD103,384
Chen_Zhang_2020_NSCLC-8,383
CID4523,381
P88,381
P106,378
P87,376
P98,375
UKIM-V-2_P14,375
BIOKEY_31,375
Leader_Merad_2021_596,374
TBB226,373
Kim_Lee_2020_P0018,373
RU1144,372
Zilionis_Klein_2019_patient_1,372
HBCA_Donor_35,372
Kumar_P24,372
A29 (390C),371
HBCA_Donor_49,370
PD43948,369
BIOKEY_28,369
pal_Patient 0031,369
qian_41,369
TBB212,367
P53,367
HDBR15279,366
P23,366
Goveia_Carmeliet_2020_patient_50,366
P-S086,366
qian_49,364
P35,362
Leader_Merad_2021_630,362
P26,362
163-4,360
Laughney_Massague_2020_LX682,360
D496,360
P29,360
A40,358
P62,358
ZilionisLUAD_p7,356
case_6_donor,356
case_2_donor,355
wu_natgen_CID4495,354
P76,353
P63,353
Goveia_Carmeliet_2020_patient_32,350
HBCA_Donor_26,349
P37,348
31-10013,348
HBCA_Donor_8,347
pal_Patient 0554,345
UKIM-V-2_P17,344
homosapiens_None_2023_None_sikkemalisa_002_d10_1101_2022_03_10_483747Wunderink2021_subject_A,344
syn21041850_P3,344
HDBR14854,344
HBCA_Donor_6,344
VUILD83,343
homosapiens_None_2023_None_sikkemalisa_002_d10_1101_2022_03_10_483747lambrechts_4,342
20-688_N,341
HBCA_Donor_23,338
homosapiens_None_2023_None_sikkemalisa_002_d10_1101_2022_03_10_483747lambrechts_5,336
Kumar_P48,335
Kumar_P40,335
HBCA_Donor_15,332
P57,332
D512,332
Zilionis_Klein_2019_patient_7,331
UKIM-V-2_P12,331
D520,330
29-10400,328
QianBRCA_BC_1,328
D543,328
JK04,326
P28,323
P74,323
HBCA_Donor_41,322
Zilionis_Klein_2019_patient_6,322
Sample1153-EO3,320
P56,316
P13,316
HLCALUAD_1,316
BC393_Tumor,314
P92,313
JK26,313
P34,312
P02,311
Leader_Merad_2021_581,311
RU1195,311
CID4465,309
P50,309
pal_Patient 0151,307
P104,304
P80,304
VHL,304
31-10154,303
P47,303
29-10280,303
Habermann_Kropski_2020_VUHD67,302
P78,300
P12,300
Madissoon_Meyer_2020_343B,299
163-2,297
Chen_Zhang_2020_NSCLC-2,296
homosapiens_None_2023_None_sikkemalisa_001_d10_1101_2022_03_10_483747356C,295
homosapiens_None_2023_None_sikkemalisa_002_d10_1101_2022_03_10_483747356C,295
P105,294
PRECISE-943776,294
Kim_Lee_2020_P0006,293
Kumar_P86,293
P90,293
Habermann_Kropski_2020_VUHD68,293
VUHD104,292
BIOKEY_20,292
Leader_Merad_2021_408,292
HTA8_1030,292
HBCA_Donor_2,292
P55,291
N10,291
P109,291
donor 1,291
HTAPP-783,290
P102,290
CID3946,290
290B,289
qian_44,289
homosapiens_None_2023_None_sikkemalisa_002_d10_1101_2022_03_10_483747lambrechts_8,289
D564,289
P11,289
SCS_2006,288
homosapiens_None_2023_None_sikkemalisa_002_d10_1101_2022_03_10_483747PMB_1,287
THD0008,287
homosapiens_None_2023_None_sikkemalisa_002_d10_1101_2022_03_10_483747NU_CZI01,287
D534,286
P77,285
HBCA_Donor_27,285
HBCA_Donor_47,285
TBB102,285
HDBR15383,284
Kumar_P92,281
homosapiens_None_2023_None_sikkemalisa_001_d10_1101_2022_03_10_483747NU_CZI01,280
HCA_54_ref,280
Goveia_Carmeliet_2020_patient_46,280
VUHD95,278
HBCA_Donor_54,278
wu_natgen_CID3963,278
HDBR14804,278
JVV9L8ng,278
31-10236,277
HBCA_Donor_43,277
UKIM-V-2_P13,276
P59,275
HBCA_Donor_13,275
QianLUAD_LC_8,275
Wu_Zhou_2021_P7,274
163-5,274
HBCA_Donor_14,274
wu_natgen_CID4290A,273
Laughney_Massague_2020_LX675,273
A9LCTZng,272
wu_natgen_CID4530N,271
Lambrechts_Thienpont_2018_6653_7,270
HBCA_Donor_29,270
homosapiens_None_2023_None_sikkemalisa_002_d10_1101_2022_03_10_483747lambrechts_3,270
RU684,269
Kumar_P49,268
P108,268
Kumar_P37,268
HCA_51_ref,264
homosapiens_None_2023_None_sikkemalisa_002_d10_1101_2022_03_10_483747A44,264
HBCA_Donor_33,264
Kim_Lee_2020_P0009,263
Laughney_Massague_2020_LX676,263
31-10042,262
UKIM-V-2_P11,262
SS_2022,261
Kim_Lee_2020_P0034,261
BIOKEY_23,260
Kumar_P52,259
HTAPP-425,258
P83,258
P107,257
30-11051,257
homosapiens_None_2023_None_sikkemalisa_002_d10_1101_2022_03_10_483747Wunderink2021_subject_B,255
Kumar_P11,255
N4,255
homosapiens_None_2023_None_sikkemalisa_002_d10_1101_2022_03_10_483747Case_1,253
P101,253
P79,253
P112,253
pal_Patient 0029-9C,251
HBCA_Donor_11,250
P61,250
Kumar_P74,250
P32,250
P42,249
Adams_Kaminski_2020_098C,249
P66,249
HTA8_1023,248
30-10929,247
Kumar_P78,247
HBCA_Donor_1,247
QianBRCA_BC_9,246
Kumar_P88,246
N8,245
UKIM-V-2_P15,244
P18,243
JK11,242
RU1135,241
Kumar_P35,240
qian_45,240
Zilionis_Klein_2019_patient_4,240
Adams_Kaminski_2020_193CO,240
D528,240
wu_natgen_CID4535,239
HBCA_Donor_32,239
Kumar_P03,239
P17,239
JK29,238
P100,235
27-10119,235
Leader_Merad_2021_584,234
qian_42,234
pal_Patient 0308,234
BIOKEY_30,234
57-ref,232
HT-234,232
Goveia_Carmeliet_2020_patient_41,232
TILD062,232
Adams_Kaminski_2020_184CO,231
HTAPP-988,231
28-12490,231
Kumar_P77,230
JK12,230
P116,229
P75,229
Kumar_P23,229
Leader_Merad_2021_725,228
HDBR14815,228
Kumar_P89,228
P89,228
Goveia_Carmeliet_2020_patient_45,228
BIOKEY_37,228
Wu_Zhou_2021_P37,228
P21,227
BIOKEY_38,226
Adams_Kaminski_2020_222C,226
CID3941,224
AziziBRCA_6,223
JK03,223
Habermann_Kropski_2020_THD0005,223
homosapiens_None_2023_None_sikkemalisa_002_d10_1101_2022_03_10_483747NU_CZI02,222
P05,222
VUHD84,222
QZY9VQng,221
ZilionisLUAD_p6,221
P25,221
P99,220
Leader_Merad_2021_410,219
Travaglini_Krasnow_2020_Lung_P1,219
RU1038,219
HDBR14808,218
HBCA_Donor_38,218
20-687_N,217
Kumar_P56,217
Pal_MH0169,217
CID4463,217
27-10039,216
wu_natgen_CID4398,216
VUHD071,216
Leader_Merad_2021_572,216
Leader_Merad_2021_593,215
Kumar_P02,214
ZilionisLUAD_p4,214
P96,214
Leader_Merad_2021_729,213
Wilms1,213
Kumar_P75,213
UKIM-V_P1,213
HTA8_1020,213
UKIM-V-2_P16,211
Kumar_P38,211
homosapiens_None_2023_None_sikkemalisa_002_d10_1101_2022_03_10_483747lambrechts_7,210
31-10078,210
P113,210
Laughney_Massague_2020_LX661,210
Kumar_P53,209
296C,209
JK09,207
homosapiens_None_2023_None_sikkemalisa_002_d10_1101_2022_03_10_483747IPF2,206
homosapiens_None_2023_None_sikkemalisa_002_d10_1101_2022_03_10_483747VUHD94,206
Leader_Merad_2021_338,206
homosapiens_None_2023_None_sikkemalisa_001_d10_1101_2022_03_10_483747VUHD94,206
UKIM-V-2_P7,206
P58,205
16E0F2ng,205
homosapiens_None_2023_None_sikkemalisa_001_d10_1101_2022_03_10_483747NU_CZI02,205
Kumar_P43,204
D503,204
lafy_donor_4,204
homosapiens_None_2023_None_sikkemalisa_002_d10_1101_2022_03_10_483747lafy_donor_6,204
BIOKEY_21,203
THD0007,203
Kumar_P36,203
homosapiens_None_2023_None_sikkemalisa_001_d10_1101_2022_03_10_483747VUHD103,203
30-10034,203
ZilionisLUAD_p5,202
Leader_Merad_2021_371,202
HTA8_1014,202
VUHD106,202
Kumar_P57,202
HCA_29_ref,201
homosapiens_None_2023_None_sikkemalisa_002_d10_1101_2022_03_10_483747muc8257,201
HTA8_1019,200
P64,200
P33,200
HDBR15503,199
Leader_Merad_2021_403,199
P68,198
Sample1153-EO1,197
homosapiens_None_2023_None_sikkemalisa_002_d10_1101_2022_03_10_483747A40,196
N6,195
Leader_Merad_2021_578,195
Kim_Lee_2020_P1058,195
wu_natgen_CID44971,195
P69,194
VUHD92,194
VUHD66,194
Leader_Merad_2021_564,194
pal_Patient 0042,194
D570,193
9JQK55ng,193
QianBRCA_BC_14,193
TxK3,192
778C,192
298C,191
BIOKEY_29,189
Kumar_P47,189
1A1DFBng,189
P72,189
P85,188
VUHD101,187
P31,187
qian_51,186
P93,186
Leader_Merad_2021_714,185
P70,185
21_020,185
HBCA_Donor_24,184
homosapiens_None_2023_None_sikkemalisa_002_d10_1101_2022_03_10_483747Patient_1,184
Kumar_P50,183
Leader_Merad_2021_378,183
Kumar_P41,183
Adams_Kaminski_2020_192CO,182
homosapiens_None_2023_None_sikkemalisa_001_d10_1101_2022_03_10_483747lafy_donor_6,182
P39,181
HTA8_1024,180
P122,180
PRECISE-945420,180
wu_natgen_CID3921,178
homosapiens_None_2023_None_sikkemalisa_002_d10_1101_2022_03_10_483747VUHD103,178
wu_natgen_CID4040,178
HDBR15246,177
PRE038,177
RU1271,177
THD0019,177
Wu_Zhou_2021_P18,176
qian_48,176
P40,175
homosapiens_None_2023_None_sikkemalisa_002_d10_1101_2022_03_10_483747DD073R,174
HTA8_1025,174
P65,174
Maynard_Bivona_2020_TH226,173
P07,173
VUILD59,172
P30,171
P06,171
wu_natgen_CID4515,171
homosapiens_None_2023_None_sikkemalisa_002_d10_1101_2022_03_10_483747VUHD104,170
HBCA_Donor_40,170
PRE055-1,169
Leader_Merad_2021_800,169
Patient1_T2,168
Kumar_P55,168
qian_43,167
P114,167
AziziBRCA_8,167
29-10008,167
VUILD58,166
KaraayvazBRCA_PT089,166
56-ref,166
BIOKEY_17,165
VUILD88,165
Donor13,165
UKIM-V-2_P8,165
Chen_Zhang_2020_NSCLC-1,164
Kumar_P10,164
wu_natgen_CID3586,163
P-S085,163
Kumar_P06,162
TILD055,162
P10,162
21_015,161
P110,161
homosapiens_None_2023_None_sikkemalisa_002_d10_1101_2022_03_10_483747muc10381,160
HTA8_1017,160
Zilionis_Klein_2019_patient_5,159
Travaglini_Krasnow_2020_Lung_P3,159
Leader_Merad_2021_532,159
Madissoon_Meyer_2020_368C,159
Leader_Merad_2021_569,158
homosapiens_None_2023_None_sikkemalisa_001_d10_1101_2022_03_10_483747VUHD67,158
P115,158
HBCA_Donor_7,158
UKIM-V-2_P5,158
SCS_2005,158
Kumar_P98,158
PRE018-1,157
homosapiens_None_2023_None_sikkemalisa_002_d10_1101_2022_03_10_483747RU684,157
HTA8_1002,157
wu_natgen_CID4067,157
27-10071,156
BIOKEY_34,156
wu_natgen_CID44041,156
HBCA_Donor_9,155
Kumar_P34,155
HBCA_Donor_48,155
homosapiens_None_2023_None_sikkemalisa_002_d10_1101_2022_03_10_483747VUILD59,155
RU1311,155
Kumar_P103,154
BIOKEY_41,154
wu_natgen_CID45171,153
Leader_Merad_2021_514,153
homosapiens_None_2023_None_sikkemalisa_002_d10_1101_2022_03_10_483747muc10380,152
homosapiens_None_2023_None_sikkemalisa_002_d10_1101_2022_03_10_483747VUHD95,152
H27915,151
TILD006,151
Kumar_P05,151
Adams_Kaminski_2020_237CO,151
homosapiens_None_2023_None_sikkemalisa_002_d10_1101_2022_03_10_483747Donor_2,150
TILD103,150
JK06,150
wu_natgen_CID3838,149
HTA8_1007,149
homosapiens_None_2023_None_sikkemalisa_002_d10_1101_2022_03_10_483747SCD1,149
P81,148
Kumar_P42,148
homosapiens_None_2023_None_sikkemalisa_001_d10_1101_2022_03_10_483747VUHD104,148
Wilms3,148
A47,147
TBB075,147
27-10112,146
Kumar_P95,145
homosapiens_None_2023_None_sikkemalisa_001_d10_1101_2022_03_10_483747VUHD95,144
VHL_RCC,144
QianBRCA_BC_8,144
CID4461,144
VUHD98,144
pal_Patient 0125,144
HBCA_Donor_34,143
Laughney_Massague_2020_LX699,142
HTA8_1016,142
HDBR15332,142
Kumar_P58,142
P60,141
THD0001,141
VUILD55,141
homosapiens_None_2023_None_sikkemalisa_002_d10_1101_2022_03_10_483747IPF3,141
Adams_Kaminski_2020_052CO,140
098C,140
P67,140
Kumar_P65,140
Kumar_P28,139
S4ECX8ng,139
AziziBRCA_5,139
homosapiens_None_2023_None_sikkemalisa_002_d10_1101_2022_03_10_483747VUHD67,138
homosapiens_None_2023_None_sikkemalisa_002_d10_1101_2022_03_10_483747A47,138
Wilms2,138
28-12381,138
TILD001,137
Leader_Merad_2021_570,137
31-10210,137
lafy_donor_5,137
Lambrechts_Thienpont_2018_6149v1_2,137
HBCA_Donor_5,137
homosapiens_None_2023_None_sikkemalisa_001_d10_1101_2022_03_10_483747368C,136
Leader_Merad_2021_406,136
homosapiens_None_2023_None_sikkemalisa_002_d10_1101_2022_03_10_483747Wunderink2021_subject_8,135
homosapiens_None_2023_None_sikkemalisa_002_d10_1101_2022_03_10_483747Patient_3,135
Kumar_P07,134
Leader_Merad_2021_571,134
wu_natgen_CID3948,134
homosapiens_None_2023_None_sikkemalisa_002_d10_1101_2022_03_10_483747donor 1,133
HBCA_Donor_37,133
HBCA_Donor_31,133
Wu_Zhou_2021_P9,133
Adams_Kaminski_2020_152CO,133
Adams_Kaminski_2020_439C,133
HDBR14787,132
homosapiens_None_2023_None_sikkemalisa_002_d10_1101_2022_03_10_483747NML3,132
Kumar_P63,132
pal_Patient 0319,130
Kumar_P59,130
BIOKEY_40,129
PRE062-1,129
33-10006,128
P01,128
Donor_06,128
PRECISE-36,128
Sample1158-EO3,127
homosapiens_None_2023_None_sikkemalisa_002_d10_1101_2022_03_10_483747368C,127
Kumar_P87,126
Donor_07,126
HBCA_Donor_20,126
Wu_Zhou_2021_P1,126
homosapiens_None_2023_None_sikkemalisa_002_d10_1101_2022_03_10_483747RU682,125
P121,125
PRE98sc,125
homosapiens_None_2023_None_sikkemalisa_001_d10_1101_2022_03_10_483747donor 1,125
Leader_Merad_2021_370,125
Laughney_Massague_2020_LX685,125
JK27,125
Kumar_P68,124
Adams_Kaminski_2020_133C,124
PD44967,124
Kumar_P79,124
Kumar_P105,124
TILD116,123
226C,123
Adams_Kaminski_2020_235CO,123
homosapiens_None_2023_None_sikkemalisa_002_d10_1101_2022_03_10_483747lambrechts_6,123
Kumar_P96,122
HKB23,121
222C,121
Laughney_Massague_2020_LX684,121
Adams_Kaminski_2020_226C,121
TILD136,121
qian_54,120
homosapiens_None_2023_None_sikkemalisa_002_d10_1101_2022_03_10_483747DD046Q,120
164-6,120
29-10406,119
BC389_Tumor,119
PRE027,118
101CV0ng,118
P73,117
H27771,117
28-11515,117
Habermann_Kropski_2020_VUHD66,117
TILD015,116
Kim_Lee_2020_P0001,116
Adams_Kaminski_2020_056CO,116
THD0009,116
HTA8_1013,115
KJYDM1ng,115
P119,115
Kumar_P64,115
HDBR14944,115
Kumar_P70,114
TILD028,114
Maynard_Bivona_2020_TH248,114
JK08,114
pal_Patient 0360,113
Adams_Kaminski_2020_1372C,113
302C,113
Kumar_P106,112
pal_Patient 0001,112
1372C,112
pal_Patient 0029-7C,112
homosapiens_None_2023_None_sikkemalisa_001_d10_1101_2022_03_10_483747VUHD68,112
Gray_RM-C,111
27-10041,111
Sample1157-EO1,111
Sample1153-EO2,110
BIOKEY_8,110
Adams_Kaminski_2020_192C,110
Adams_Kaminski_2020_465C,110
THD0021,109
HBCA_Donor_12,109
P22,109
192C,109
homosapiens_None_2023_None_sikkemalisa_002_d10_1101_2022_03_10_483747S6,109
BIOKEY_42,109
BIOKEY_7,109
Maynard_Bivona_2020_TH179,109
AziziBRCA_3,108
Sample1157-EO2,107
homosapiens_None_2023_None_sikkemalisa_002_d10_1101_2022_03_10_483747VUHD68,107
Kumar_P13,107
P84,107
QianLUAD_LC_6,106
BIOKEY_39,106
Kumar_P01,106
Kumar_P83,106
JK05,106
HTA8_1027,105
Kumar_P112,105
HDBR14774,103
homosapiens_None_2023_None_sikkemalisa_002_d10_1101_2022_03_10_483747SCD2,103
ZM3KACng,103
homosapiens_None_2023_None_sikkemalisa_002_d10_1101_2022_03_10_483747SSc_4,102
homosapiens_None_2023_None_sikkemalisa_002_d10_1101_2022_03_10_483747THD0005,102
Kumar_P102,102
Kumar_P61,102
Kumar_P82,102
BIOKEY_22,102
P126,102
TILD126,102
UKIM-V-2_P4,102
homosapiens_None_2023_None_sikkemalisa_002_d10_1101_2022_03_10_483747Wunderink2021_subject_9,101
Sample1162-EO2,101
P125,101
pal_Patient 0126,101
Kumar_P116,100
homosapiens_None_2023_None_sikkemalisa_002_d10_1101_2022_03_10_483747NML2,100
VUHD85,100
pal_Patient 0032,100
homosapiens_None_2023_None_sikkemalisa_001_d10_1101_2022_03_10_483747VUHD98,100
homosapiens_None_2023_None_sikkemalisa_002_d10_1101_2022_03_10_483747193CO,100
689C,99
VUILD82,99
34-10184,99
lafy_donor_3,99
Kumar_P111,98
Kumar_P39,98
BIOKEY_32,98
P120,98
JK19,97
homosapiens_None_2023_None_sikkemalisa_002_d10_1101_2022_03_10_483747RU676,97
Wu_Zhou_2021_P13,97
Kumar_P25,97
Kumar_P80,97
Lambrechts_Thienpont_2018_6149v1_1,97
Adams_Kaminski_2020_218C,97
Wu_Zhou_2021_P25,96
H27798,96
homosapiens_None_2023_None_sikkemalisa_002_d10_1101_2022_03_10_483747098C,96
pal_Patient 0106,96
Donor_05,95
HBCA_Donor_36,95
Kim_Lee_2020_P1049,95
HBCA_Donor_55,95
homosapiens_None_2023_None_sikkemalisa_002_d10_1101_2022_03_10_483747IPF_03,94
Leader_Merad_2021_393,94
BIOKEY_25,94
Wu_Zhou_2021_P41,94
Adams_Kaminski_2020_207CO,94
HBCA_Donor_4,93
30-10123,93
homosapiens_None_2023_None_sikkemalisa_002_d10_1101_2022_03_10_483747Wunderink2021_subject_3,93
HBCA_Donor_18,93
homosapiens_None_2023_None_sikkemalisa_001_d10_1101_2022_03_10_483747THD0005,93
Kumar_P08,92
homosapiens_None_2023_None_sikkemalisa_002_d10_1101_2022_03_10_483747VUHD98,92
Kumar_P97,92
P117,92
Kumar_P66,92
BC397_Tumor,92
JK07,92
QianLUAD_LC_2,91
HTA8_1009,90
Kumar_P108,90
wu_natgen_CID44991,90
Adams_Kaminski_2020_003C,90
Kumar_P12,90
Sample1157-EO3,90
P08,90
Adams_Kaminski_2020_194CO,89
VUILD73,89
HTA8_1028,89
133C,89
31-10000,89
TILD113,89
Kumar_P109,88
TILD019,88
HDBR14794,88
Kumar_P101,88
Wu_Zhou_2021_P10,88
JK21,87
wu_natgen_CID4461,87
BIOKEY_26,87
C53ctr,87
HTA8_1026,86
Mayr_Schiller_2020_muc10380,86
homosapiens_None_2023_None_sikkemalisa_002_d10_1101_2022_03_10_483747SAMN12574699,85
Kumar_P122,84
Habermann_Kropski_2020_VUHD70,84
Leader_Merad_2021_377,84
homosapiens_None_2023_None_sikkemalisa_002_d10_1101_2022_03_10_483747174I,84
Kumar_P85,83
VUHD69,83
"pooled [D9,D7,D8,D10,D6]",82
homosapiens_None_2023_None_sikkemalisa_001_d10_1101_2022_03_10_483747VUHD66,82
P-S087,82
Leader_Merad_2021_460,82
homosapiens_None_2023_None_sikkemalisa_002_d10_1101_2022_03_10_483747muc9833,82
homosapiens_None_2023_None_sikkemalisa_002_d10_1101_2022_03_10_483747BAL020,82
homosapiens_None_2023_None_sikkemalisa_002_d10_1101_2022_03_10_483747VUHD106,82
homosapiens_None_2023_None_sikkemalisa_002_d10_1101_2022_03_10_483747VUHD66,82
Twigger_HMC2B,82
THD0014,82
pal_Patient 0163,82
Sample1162-EO1,82
P-M074,81
Kumar_P72,81
homosapiens_None_2023_None_sikkemalisa_002_d10_1101_2022_03_10_483747Patient_6,81
Kumar_P115,80
homosapiens_None_2023_None_sikkemalisa_002_d10_1101_2022_03_10_483747DD047Q,80
P15,80
Nee_ Ctrl_ Pt4,80
homosapiens_None_2023_None_sikkemalisa_002_d10_1101_2022_03_10_483747lambrechts_2,80
Kumar_P62,80
homosapiens_None_2023_None_sikkemalisa_002_d10_1101_2022_03_10_483747RU675,80
Kumar_P91,79
TILD084,79
Sample1158-EO1,79
HTA8_1006,79
JK24,79
KaraayvazBRCA_PT039,79
homosapiens_None_2023_None_sikkemalisa_002_d10_1101_2022_03_10_483747184CO,79
164-10,79
Maynard_Bivona_2020_TH238,79
HTA8_1001,79
TILD037,78
P-S001,78
165-9,78
homosapiens_None_2023_None_sikkemalisa_002_d10_1101_2022_03_10_483747237CO,78
Kumar_P114,77
homosapiens_None_2023_None_sikkemalisa_002_d10_1101_2022_03_10_483747Wunderink2021_subject_7,77
Donor_01,77
TILD123,77
Donor_03,77
homosapiens_None_2023_None_sikkemalisa_002_d10_1101_2022_03_10_483747222I,76
lafy_donor_2,76
Twigger_HMC1,76
BC17086-35_Tumor,75
THD0015,75
Maynard_Bivona_2020_TH236,75
THD0017,75
homosapiens_None_2023_None_sikkemalisa_001_d10_1101_2022_03_10_483747VUHD92,75
Reyfman_Misharin_2018_Donor_07,74
homosapiens_None_2023_None_sikkemalisa_002_d10_1101_2022_03_10_483747Donor_1,74
pal_Patient 0064,74
Twigger_RB8,74
KaraayvazBRCA_PT081,74
pal_Patient 0161,74
homosapiens_None_2023_None_sikkemalisa_001_d10_1101_2022_03_10_483747lafy_donor_4,74
Habermann_Kropski_2020_VUHD65,74
homosapiens_None_2023_None_sikkemalisa_002_d10_1101_2022_03_10_483747Wunderink2021_subject_1,74
Habermann_Kropski_2020_VUHD071,74
Kumar_P99,73
Donor2,73
218C,73
Adams_Kaminski_2020_178CO,73
Kumar_P32,73
P123,73
HBCA_Donor_53,73
PRECISE165536-000-003N,72
VUILD100,72
homosapiens_None_2023_None_sikkemalisa_001_d10_1101_2022_03_10_483747VUHD106,72
VUHD70,72
homosapiens_None_2023_None_sikkemalisa_002_d10_1101_2022_03_10_483747TILD015,72
Wu_Zhou_2021_P28,71
VUILD96,71
HBCA_Donor_3,71
homosapiens_None_2023_None_sikkemalisa_002_d10_1101_2022_03_10_483747222C,70
Kumar_P113,70
JK10,70
Wu_Zhou_2021_P40,70
case_4_recipient,70
Pal_MH0090,70
P-S090,70
homosapiens_None_2023_None_sikkemalisa_002_d10_1101_2022_03_10_483747Patient_5,70
homosapiens_None_2023_None_sikkemalisa_002_d10_1101_2022_03_10_483747SSc_3,70
H27870,69
P94,69
VUILD62,69
TILD051,69
P16,69
homosapiens_None_2023_None_sikkemalisa_002_d10_1101_2022_03_10_483747S2,69
164-3,69
wu_natgen_CID4523,69
HKB28,68
Kumar_P76,68
HCA_55_ref,68
THD0006,68
Kumar_P110,67
homosapiens_None_2023_None_sikkemalisa_002_d10_1101_2022_03_10_483747VUILD57,67
QianBRCA_BC_10,67
Kumar_P104,67
TILD030,67
Guo_Zhang_2018_P1202,66
Kumar_P124,66
homosapiens_None_2023_None_sikkemalisa_002_d10_1101_2022_03_10_483747VUHD101,66
homosapiens_None_2023_None_sikkemalisa_002_d10_1101_2022_03_10_483747VUHD85,66
homosapiens_None_2023_None_sikkemalisa_002_d10_1101_2022_03_10_483747052CO,66
Kumar_P29,66
Kumar_P125,66
homosapiens_None_2023_None_sikkemalisa_002_d10_1101_2022_03_10_483747VUHD92,65
homosapiens_None_2023_None_sikkemalisa_002_d10_1101_2022_03_10_483747VUHD84,65
KaraayvazBRCA_PT084,65
Nee_BRCA1_ Pt8,65
homosapiens_None_2023_None_sikkemalisa_002_d10_1101_2022_03_10_483747157I,65
homosapiens_None_2023_None_sikkemalisa_002_d10_1101_2022_03_10_483747Patient_4,65
P-M075,65
syn21041850_P1,65
Adams_Kaminski_2020_296C,65
HBCA_Donor_21,65
Donor_08,64
28-12518,64
homosapiens_None_2023_None_sikkemalisa_001_d10_1101_2022_03_10_483747VUHD70,64
VUHD113,64
Leader_Merad_2021_558,63
Adams_Kaminski_2020_217CO,63
homosapiens_None_2023_None_sikkemalisa_002_d10_1101_2022_03_10_483747lafy_donor_4,63
Pal_PM0372,63
Kumar_P90,63
Kumar_P84,62
Kumar_P60,62
homosapiens_None_2023_None_sikkemalisa_002_d10_1101_2022_03_10_483747192CO,62
SHMI57ng,62
Twigger_RB3,62
qian_50,61
TILD041,61
Twigger_HMC7,61
homosapiens_None_2023_None_sikkemalisa_002_d10_1101_2022_03_10_483747BAL031,61
Mayr_Schiller_2020_muc9833,60
THD0010,60
Adams_Kaminski_2020_238CO,59
homosapiens_None_2023_None_sikkemalisa_002_d10_1101_2022_03_10_483747RU661,59
TTx,58
homosapiens_None_2023_None_sikkemalisa_002_d10_1101_2022_03_10_483747235CO,58
TILD049,58
homosapiens_None_2023_None_sikkemalisa_002_d10_1101_2022_03_10_483747LuT_553,58
VUILD87,58
VUILD86,57
homosapiens_None_2023_None_sikkemalisa_002_d10_1101_2022_03_10_483747RU653,57
Guo_Zhang_2018_P1120,57
homosapiens_None_2023_None_sikkemalisa_001_d10_1101_2022_03_10_483747VUHD85,57
VUILD104,57
VUHD117,57
HBCA_Donor_44,56
homosapiens_None_2023_None_sikkemalisa_002_d10_1101_2022_03_10_483747207CO,56
Gray_PM-A,56
768B,56
Wu_Zhou_2021_P8,56
Twigger_RB2,55
Adams_Kaminski_2020_153CO,55
TILD039,55
BC419_Tumor,55
Kumar_P69,55
homosapiens_None_2023_None_sikkemalisa_002_d10_1101_2022_03_10_483747056CO,54
VUILD98,54
homosapiens_None_2023_None_sikkemalisa_002_d10_1101_2022_03_10_483747225I,54
Twigger_HMC6,54
P118,54
qian_47,54
homosapiens_None_2023_None_sikkemalisa_001_d10_1101_2022_03_10_483747VUHD101,54
homosapiens_None_2023_None_sikkemalisa_002_d10_1101_2022_03_10_483747BAL040,54
pal_Patient 0135,53
003C,53
VUHD111,53
465C,53
Wu_Zhou_2021_P39,53
Murrow_RM203,53
Adams_Kaminski_2020_186CO,53
homosapiens_None_2023_None_sikkemalisa_002_d10_1101_2022_03_10_483747152CO,53
HBCA_Donor_19,53
Kumar_P107,53
160C,53
Kim_Lee_2020_P1006,53
homosapiens_None_2023_None_sikkemalisa_002_d10_1101_2022_03_10_48374749I,53
BC302_Tumor,52
homosapiens_None_2023_None_sikkemalisa_002_d10_1101_2022_03_10_483747HP_01,52
homosapiens_None_2023_None_sikkemalisa_002_d10_1101_2022_03_10_483747IPF_01,52
homosapiens_None_2023_None_sikkemalisa_001_d10_1101_2022_03_10_483747VUHD84,52
case_3_recipient,52
Twigger_HMC9,52
D11,52
Leader_Merad_2021_458,51
HKB10,51
homosapiens_None_2023_None_sikkemalisa_002_d10_1101_2022_03_10_483747VUILD55,51
Kumar_P04,51
homosapiens_None_2023_None_sikkemalisa_002_d10_1101_2022_03_10_483747SAMN12574693,51
UPENN0070,50
A29,50
homosapiens_None_2023_None_sikkemalisa_002_d10_1101_2022_03_10_483747022I,50
UPENN0424,50
Twigger_HMC2,50
H27913,50
homosapiens_None_2023_None_sikkemalisa_002_d10_1101_2022_03_10_483747VUILD58,50
Gray_RM-A,50
Donor_02,50
Kumar_P100,50
439C,50
P-S088,50
wu_natgen_CID4463,50
Kumar_P31,49
RU653,49
UPENN0423,49
P19,49
Kumar_P123,49
VUHD107,49
VUHD101 (We wrote VUHD103 on day of processing),49
SS_2014,49
4,49
case_6_recipient,48
homosapiens_None_2023_None_sikkemalisa_002_d10_1101_2022_03_10_483747051I,48
UPENN0004,48
Gray_RM-D,48
homosapiens_None_2023_None_sikkemalisa_002_d10_1101_2022_03_10_483747VUILD62,48
homosapiens_None_2023_None_sikkemalisa_002_d10_1101_2022_03_10_483747TILD028,48
VUILD89,48
Kumar_P93,48
P913,48
homosapiens_None_2023_None_sikkemalisa_001_d10_1101_2022_03_10_483747VUHD69,48
Habermann_Kropski_2020_VUHD69,48
D523,48
Guo_Zhang_2018_P0617,48
homosapiens_None_2023_None_sikkemalisa_002_d10_1101_2022_03_10_483747SSc_2,48
HKB21,47
Vieira_Teichmann_2019_Dropseq_2,47
292B,47
homosapiens_None_2023_None_sikkemalisa_002_d10_1101_2022_03_10_483747lafy_donor_5,47
VUILD108,47
HKB26,46
Donor1,46
homosapiens_None_2023_None_sikkemalisa_002_d10_1101_2022_03_10_483747439C,46
Gray_PM-D,46
VUILD97,46
homosapiens_None_2023_None_sikkemalisa_002_d10_1101_2022_03_10_483747296C,46
Laughney_Massague_2020_LX701,46
QianLUAD_LC_1,46
homosapiens_None_2023_None_sikkemalisa_002_d10_1101_2022_03_10_483747158I,46
homosapiens_None_2023_None_sikkemalisa_002_d10_1101_2022_03_10_483747RU685,45
homosapiens_None_2023_None_sikkemalisa_001_d10_1101_2022_03_10_483747lafy_donor_5,45
KaraayvazBRCA_PT126,45
Guo_Zhang_2018_P1118,45
VUILD102,44
Donor_04,44
case_1_recipient,44
SS_2016,44
Adams_Kaminski_2020_208C,44
Reyfman_Misharin_2018_Donor_03,44
homosapiens_None_2023_None_sikkemalisa_002_d10_1101_2022_03_10_483747Wunderink2021_subject_5,43
homosapiens_None_2023_None_sikkemalisa_002_d10_1101_2022_03_10_483747VUHD69,43
VUILD84,43
homosapiens_None_2023_None_sikkemalisa_002_d10_1101_2022_03_10_483747465C,43
HBCA_Donor_52,43
UPENN0056,43
Gray_RM-B,43
Kumar_P73,43
homosapiens_None_2023_None_sikkemalisa_002_d10_1101_2022_03_10_483747192C,43
Kumar_P121,43
Guo_Zhang_2018_P1010,43
Wu_Zhou_2021_P42,42
homosapiens_None_2023_None_sikkemalisa_002_d10_1101_2022_03_10_483747NML1,42
Kumar_P26,42
P71,42
Adams_Kaminski_2020_092C,42
homosapiens_None_2023_None_sikkemalisa_002_d10_1101_2022_03_10_483747VUHD70,42
Wu_Zhou_2021_P27,42
Gray_PM-B,42
gao_TNBC2,42
Guo_Zhang_2018_P0706,42
Guo_Zhang_2018_P0913,42
HKB13,41
388C,41
Twigger_RB5,41
Twigger_HMC4,41
VUHD072,41
Kumar_P44,41
TxK2,41
27-10053,40
Pal_PM0095,40
homosapiens_None_2023_None_sikkemalisa_002_d10_1101_2022_03_10_483747135I,40
homosapiens_None_2023_None_sikkemalisa_002_d10_1101_2022_03_10_483747298C,40
P27,40
homosapiens_None_2023_None_sikkemalisa_002_d10_1101_2022_03_10_483747muc5213,40
Sample1158-EO2,40
THD0022,40
VUILD63,40
VUILD61,40
Pal_KCF0894,40
Pal_MH0033,39
VUHD65,39
Kumar_P17,39
Wu_Zhou_2021_P19,39
P04,39
P-S089,39
homosapiens_None_2023_None_sikkemalisa_002_d10_1101_2022_03_10_483747D8,38
qian_46,38
Kumar_P33,38
HKB27,38
homosapiens_None_2023_None_sikkemalisa_002_d10_1101_2022_03_10_483747Patient_7,38
Guo_Zhang_2018_P0729,38
HDBR14732,38
case_5_recipient,38
homosapiens_None_2023_None_sikkemalisa_002_d10_1101_2022_03_10_483747VUILD63,38
THD0012,38
homosapiens_None_2023_None_sikkemalisa_002_d10_1101_2022_03_10_483747021I,38
Mayr_Schiller_2020_muc4658,38
VUILD57,38
Murrow_RM272,37
homosapiens_None_2023_None_sikkemalisa_002_d10_1101_2022_03_10_483747221I,37
homosapiens_None_2023_None_sikkemalisa_002_d10_1101_2022_03_10_483747053I,37
homosapiens_None_2023_None_sikkemalisa_001_d10_1101_2022_03_10_483747THD0008,37
C55ctr,37
UPENN5388,37
homosapiens_None_2023_None_sikkemalisa_002_d10_1101_2022_03_10_483747lambrechts_1,37
HDBR15111,36
ODGS1Mng,36
pal_Patient 0069,36
homosapiens_None_2023_None_sikkemalisa_002_d10_1101_2022_03_10_483747VUILD60,36
gao_DCIS1,36
homosapiens_None_2023_None_sikkemalisa_002_d10_1101_2022_03_10_483747145I,36
Adams_Kaminski_2020_23CO,36
wu_natgen_CID3941,36
Kumar_P120,35
Adams_Kaminski_2020_454C,35
homosapiens_None_2023_None_sikkemalisa_001_d10_1101_2022_03_10_483747298C,35
Nee_BRCA1_ Pt7,35
Nee_ Ctrl_ Pt8,35
homosapiens_None_2023_None_sikkemalisa_002_d10_1101_2022_03_10_483747226C,35
Pal_PM0233,34
BRC2192,34
homosapiens_None_2023_None_sikkemalisa_002_d10_1101_2022_03_10_483747Wunderink2021_subject_4,34
VUILD60,34
Kumar_P81,34
Kumar_P117,34
homosapiens_None_2023_None_sikkemalisa_002_d10_1101_2022_03_10_4837471372C,34
Wu_Zhou_2021_P24,34
THD0023,34
VUILD90,34
homosapiens_None_2023_None_sikkemalisa_002_d10_1101_2022_03_10_483747179I,34
Adams_Kaminski_2020_160C,34
Maynard_Bivona_2020_TH238_NAT,34
TILD109,33
homosapiens_None_2023_None_sikkemalisa_002_d10_1101_2022_03_10_483747210I,33
Kumar_P67,33
Laughney_Massague_2020_LX680,33
homosapiens_None_2023_None_sikkemalisa_002_d10_1101_2022_03_10_483747M1,33
P14,33
homosapiens_None_2023_None_sikkemalisa_002_d10_1101_2022_03_10_483747217CO,33
C56ctr,33
C51ctr,33
Nee_ Ctrl_ Pt7,32
VUILD77,32
Twigger_HMC3,32
HBCA_Donor_30,32
homosapiens_None_2023_None_sikkemalisa_001_d10_1101_2022_03_10_483747VUHD107,31
HTA8_1011,31
001C,31
homosapiens_None_2023_None_sikkemalisa_001_d10_1101_2022_03_10_483747lafy_donor_2,31
homosapiens_None_2023_None_sikkemalisa_002_d10_1101_2022_03_10_483747muc4658,31
Adams_Kaminski_2020_001C,31
homosapiens_None_2023_None_sikkemalisa_002_d10_1101_2022_03_10_483747THD0008,31
Zilionis_Klein_2019_patient_2,31
QianBRCA_BC_7,31
homosapiens_None_2023_None_sikkemalisa_002_d10_1101_2022_03_10_483747034I,31
Kumar_P71,31
Guo_Zhang_2018_P0616A,30
208C,30
VUHD080,30
Kumar_P118,30
Wu_Zhou_2021_P26,30
homosapiens_None_2023_None_sikkemalisa_002_d10_1101_2022_03_10_483747NP39,30
Twigger_RB7,30
homosapiens_None_2023_None_sikkemalisa_002_d10_1101_2022_03_10_483747IPF_02,30
homosapiens_None_2023_None_sikkemalisa_002_d10_1101_2022_03_10_483747lafy_donor_2,29
homosapiens_None_2023_None_sikkemalisa_002_d10_1101_2022_03_10_483747muc9826,29
TILD111,29
VUHD115,29
Mayr_Schiller_2020_muc5213,29
Gray_PM-F,29
homosapiens_None_2023_None_sikkemalisa_002_d10_1101_2022_03_10_483747178CO,29
Adams_Kaminski_2020_388C,29
HDBR15024,28
Nee_ Ctrl_ Pt5,28
gao_TNBC1,28
Wu_Zhou_2021_P23,28
Wu_Zhou_2021_P21,28
homosapiens_None_2023_None_sikkemalisa_002_d10_1101_2022_03_10_483747SSc_1,28
VUHD108,28
29-10386,28
homosapiens_None_2023_None_sikkemalisa_002_d10_1101_2022_03_10_483747003C,28
HBCA_Donor_17,28
homosapiens_None_2023_None_sikkemalisa_002_d10_1101_2022_03_10_483747Donor_03,28
Murrow_RM282,28
VUILD91,27
Maier_Merad_2020_706,27
VUILD54,27
Kumar_P21,27
Maynard_Bivona_2020_TH231,27
Reyfman_Misharin_2018_Donor_06,27
VUILD48,27
Wu_Zhou_2021_P29,27
Maynard_Bivona_2020_TH179_NAT,27
homosapiens_None_2023_None_sikkemalisa_002_d10_1101_2022_03_10_483747209I,27
homosapiens_None_2023_None_sikkemalisa_002_d10_1101_2022_03_10_483747133C,27
HDBR14806,27
pal_Patient 0040,27
THD0020,27
UPENN0191,26
HDBR14776,26
VUHD077,26
P45,26
Habermann_Kropski_2020_THD0002,26
Wu_Zhou_2021_P22,26
HBCA_Donor_28,26
homosapiens_None_2023_None_sikkemalisa_002_d10_1101_2022_03_10_483747SAMN15153958,26
homosapiens_None_2023_None_sikkemalisa_002_d10_1101_2022_03_10_483747S1,26
homosapiens_None_2023_None_sikkemalisa_002_d10_1101_2022_03_10_483747Myositis-ILD_01,26
homosapiens_None_2023_None_sikkemalisa_002_d10_1101_2022_03_10_483747M2,26
homosapiens_None_2023_None_sikkemalisa_002_d10_1101_2022_03_10_483747010I,26
TILD059,26
homosapiens_None_2023_None_sikkemalisa_002_d10_1101_2022_03_10_483747muc5103,25
Wu_Zhou_2021_P17,25
qian_52,25
Kumar_P22,25
homosapiens_None_2023_None_sikkemalisa_002_d10_1101_2022_03_10_483747RU679,25
homosapiens_None_2023_None_sikkemalisa_002_d10_1101_2022_03_10_483747302C,25
UPENN0121,25
THD0002,25
VUILD95,24
Reyfman_Misharin_2018_Donor_08,24
homosapiens_None_2023_None_sikkemalisa_001_d10_1101_2022_03_10_483747lafy_donor_3,24
homosapiens_None_2023_None_sikkemalisa_002_d10_1101_2022_03_10_483747TILD006,24
homosapiens_None_2023_None_sikkemalisa_002_d10_1101_2022_03_10_483747Patient_2,24
Murrow_RM264,24
QianBRCA_BC_12,24
Wu_Zhou_2021_P11,24
Adams_Kaminski_2020_253C,24
Kim_Lee_2020_P1028,24
092C,24
homosapiens_None_2023_None_sikkemalisa_002_d10_1101_2022_03_10_483747Cryobiopsy_01,24
homosapiens_None_2023_None_sikkemalisa_002_d10_1101_2022_03_10_483747040I,24
homosapiens_None_2023_None_sikkemalisa_002_d10_1101_2022_03_10_483747218C,24
homosapiens_None_2023_None_sikkemalisa_002_d10_1101_2022_03_10_483747186CO,23
homosapiens_None_2023_None_sikkemalisa_002_d10_1101_2022_03_10_483747138I,23
homosapiens_None_2023_None_sikkemalisa_002_d10_1101_2022_03_10_483747Donor_07,23
Wu_Zhou_2021_P12,23
homosapiens_None_2023_None_sikkemalisa_002_d10_1101_2022_03_10_483747NP31,23
homosapiens_None_2023_None_sikkemalisa_001_d10_1101_2022_03_10_483747VUHD071,23
Guo_Zhang_2018_P1011,23
homosapiens_None_2023_None_sikkemalisa_002_d10_1101_2022_03_10_483747228I,23
Human-BRCA1-E,23
Mayr_Schiller_2020_muc5212,23
Wu_Zhou_2021_P6,23
BC401_Tumor,23
Reyfman_Misharin_2018_Donor_01,23
591C,22
Gray_PM-E,22
Gray_PM-C,22
Guo_Zhang_2018_P1208,22
Twigger_RB1,22
homosapiens_None_2023_None_sikkemalisa_002_d10_1101_2022_03_10_483747177I,22
homosapiens_None_2023_None_sikkemalisa_002_d10_1101_2022_03_10_483747lafy_donor_3,22
Adams_Kaminski_2020_484C,22
Adams_Kaminski_2020_483C,22
Wu_Zhou_2021_P38,22
homosapiens_None_2023_None_sikkemalisa_002_d10_1101_2022_03_10_483747SAMN15153963,22
homosapiens_None_2023_None_sikkemalisa_002_d10_1101_2022_03_10_483747123I,22
Human-BRCA1-C,22
Kumar_P126,22
homosapiens_None_2023_None_sikkemalisa_002_d10_1101_2022_03_10_483747D12,22
BRC2188,22
homosapiens_None_2023_None_sikkemalisa_001_d10_1101_2022_03_10_483747Donor_07,21
Wu_Zhou_2021_P34,21
Wu_Zhou_2021_P14,21
HBCA_Donor_25,21
Kumar_P30,21
homosapiens_None_2023_None_sikkemalisa_001_d10_1101_2022_03_10_483747Donor_03,21
065C,21
homosapiens_None_2023_None_sikkemalisa_001_d10_1101_2022_03_10_483747296C,21
homosapiens_None_2023_None_sikkemalisa_002_d10_1101_2022_03_10_483747194CO,21
28-12263,21
homosapiens_None_2023_None_sikkemalisa_002_d10_1101_2022_03_10_483747Wunderink2021_subject_2,21
Pal_PM0342,21
Adams_Kaminski_2020_065C,20
HTAPP-806,20
Wu_Zhou_2021_P36,20
homosapiens_None_2023_None_sikkemalisa_002_d10_1101_2022_03_10_483747VUHD107,20
homosapiens_None_2023_None_sikkemalisa_002_d10_1101_2022_03_10_483747166I,20
homosapiens_None_2023_None_sikkemalisa_002_d10_1101_2022_03_10_483747BAL023,20
Twigger_RB4,20
Pal_PM0019,20
homosapiens_None_2023_None_sikkemalisa_002_d10_1101_2022_03_10_483747238CO,19
VUILD93,19
TILD010,19
Nee_ Ctrl_ Pt3,19
A32,19
163-3,19
HTA8_1032,19
HDBR14706,19
454C,19
VUILD99,19
P-S006,19
human_kidney_donor_4,19
Kumar_P119,19
HBCA_Donor_16,19
C57ctr,18
Vieira_Teichmann_2019_Dropseq_1,18
gao_TNBC3,18
Laughney_Massague_2020_LX679,18
TILD102,18
Guo_Zhang_2018_P1219,18
homosapiens_None_2023_None_sikkemalisa_002_d10_1101_2022_03_10_483747BAL014,18
VUILD53,18
Kumar_P27,18
D122,18
lafy_donor_1,18
Gray_PM-G,18
homosapiens_None_2023_None_sikkemalisa_002_d10_1101_2022_03_10_483747LuT_437,18
homosapiens_None_2023_None_sikkemalisa_002_d10_1101_2022_03_10_483747A32,18
Mayr_Schiller_2020_muc5103,17
Vieira_Teichmann_2019_Dropseq_3,17
Human-WT-B,17
Wu_Zhou_2021_P5,17
Kumar_P94,17
homosapiens_None_2023_None_sikkemalisa_002_d10_1101_2022_03_10_48374747I,17
5,17
homosapiens_None_2023_None_sikkemalisa_002_d10_1101_2022_03_10_483747SAMN15153956,17
P915,17
Habermann_Kropski_2020_THD0001,17
QianBRCA_BC_6,17
VUHD112,17
Reyfman_Misharin_2018_Donor_04,17
137C,17
homosapiens_None_2023_None_sikkemalisa_002_d10_1101_2022_03_10_483747VUILD61,17
Adams_Kaminski_2020_137C,17
Twigger_HMC8,16
homosapiens_None_2023_None_sikkemalisa_001_d10_1101_2022_03_10_483747302C,16
P-M076,16
homosapiens_None_2023_None_sikkemalisa_001_d10_1101_2022_03_10_483747lafy_donor_1,16
homosapiens_None_2023_None_sikkemalisa_001_d10_1101_2022_03_10_483747Donor_06,16
Reyfman_Misharin_2018_Donor_05,16
Human-WT-D,16
homosapiens_None_2023_None_sikkemalisa_002_d10_1101_2022_03_10_483747160C,16
homosapiens_None_2023_None_sikkemalisa_002_d10_1101_2022_03_10_483747THD0007,16
homosapiens_None_2023_None_sikkemalisa_002_d10_1101_2022_03_10_483747212I,16
Pal_MH0023,16
D533,16
UPENN0078,16
Maier_Merad_2020_378,16
N2,16
Pal_PM0092,16
homosapiens_None_2023_None_sikkemalisa_002_d10_1101_2022_03_10_483747VUHD071,16
253C,16
Murrow_RM263,15
Mayr_Schiller_2020_muc3843,15
homosapiens_None_2023_None_sikkemalisa_002_d10_1101_2022_03_10_483747lafy_donor_1,15
homosapiens_None_2023_None_sikkemalisa_002_d10_1101_2022_03_10_483747Donor_01,15
Laughney_Massague_2020_LX681,15
VUHD073,15
Kumar_P45,15
homosapiens_None_2023_None_sikkemalisa_001_d10_1101_2022_03_10_483747Donor_01,15
homosapiens_None_2023_None_sikkemalisa_002_d10_1101_2022_03_10_483747SAMN15153961,15
483C,15
homosapiens_None_2023_None_sikkemalisa_002_d10_1101_2022_03_10_483747041I,15
homosapiens_None_2023_None_sikkemalisa_002_d10_1101_2022_03_10_48374759I,15
homosapiens_None_2023_None_sikkemalisa_002_d10_1101_2022_03_10_483747153CO,15
A32 (411C),14
homosapiens_None_2023_None_sikkemalisa_002_d10_1101_2022_03_10_483747BAL019,14
Wu_Zhou_2021_P35,14
PRECISE_023_N,14
pal_Patient 0056,14
081C,14
homosapiens_None_2023_None_sikkemalisa_002_d10_1101_2022_03_10_483747SAMN15153957,14
Human-WT-C,14
C54ctr,14
homosapiens_None_2023_None_sikkemalisa_002_d10_1101_2022_03_10_483747muc3843,14
284C,13
HBCA_Donor_51,13
Maynard_Bivona_2020_TH158,13
Human-WT-A,13
CCHMC_SMG_Donor38,13
Wu_Zhou_2021_P15,13
homosapiens_None_2023_None_sikkemalisa_002_d10_1101_2022_03_10_483747muc5212,13
homosapiens_None_2023_None_sikkemalisa_002_d10_1101_2022_03_10_483747025I,13
homosapiens_None_2023_None_sikkemalisa_002_d10_1101_2022_03_10_483747NP13,13
homosapiens_None_2023_None_sikkemalisa_002_d10_1101_2022_03_10_483747S5,13
homosapiens_None_2023_None_sikkemalisa_002_d10_1101_2022_03_10_483747388C,13
homosapiens_None_2023_None_sikkemalisa_001_d10_1101_2022_03_10_483747THD0007,13
homosapiens_None_2023_None_sikkemalisa_002_d10_1101_2022_03_10_483747253C,12
Adams_Kaminski_2020_034C,12
484C,12
homosapiens_None_2023_None_sikkemalisa_002_d10_1101_2022_03_10_483747THD0001,12
homosapiens_None_2023_None_sikkemalisa_002_d10_1101_2022_03_10_483747484C,12
THD0026,12
homosapiens_None_2023_None_sikkemalisa_002_d10_1101_2022_03_10_483747RU680,12
Human-BRCA1-H,12
VUILD67,12
Adams_Kaminski_2020_8CO,12
Nee_BRCA1_Pt10,12
homosapiens_None_2023_None_sikkemalisa_002_d10_1101_2022_03_10_483747D3,12
homosapiens_None_2023_None_sikkemalisa_002_d10_1101_2022_03_10_483747ND17494,12
BC428_Tumor,12
homosapiens_None_2023_None_sikkemalisa_001_d10_1101_2022_03_10_483747Donor_04,12
homosapiens_None_2023_None_sikkemalisa_002_d10_1101_2022_03_10_483747VUILD65,12
homosapiens_None_2023_None_sikkemalisa_002_d10_1101_2022_03_10_483747Donor_06,12
Nieto_P1,12
Chen_Zhang_2020_NSCLC-9,12
VUILD68,12
Murrow_RM273,11
P-S009,11
homosapiens_None_2023_None_sikkemalisa_002_d10_1101_2022_03_10_483747454C,11
Reyfman_Misharin_2018_Donor_02,11
homosapiens_None_2023_None_sikkemalisa_002_d10_1101_2022_03_10_483747290B,11
VUHD109,11
HDBR14969,11
HDBR15204,11
homosapiens_None_2023_None_sikkemalisa_002_d10_1101_2022_03_10_483747SAMN15153962,11
homosapiens_None_2023_None_sikkemalisa_002_d10_1101_2022_03_10_483747SSc-ILD_01,11
Human-BRCA1-D,11
homosapiens_None_2023_None_sikkemalisa_002_d10_1101_2022_03_10_483747THD0019,11
396C,11
homosapiens_None_2023_None_sikkemalisa_002_d10_1101_2022_03_10_48374723CO,11
THD0016,10
homosapiens_None_2023_None_sikkemalisa_002_d10_1101_2022_03_10_483747137C,10
homosapiens_None_2023_None_sikkemalisa_002_d10_1101_2022_03_10_483747TILD019,10
Guo_Zhang_2018_P0616P,10
Nee_BRCA1_ Pt4,10
VUHD078,10
homosapiens_None_2023_None_sikkemalisa_002_d10_1101_2022_03_10_483747001C,10
Kumar_P16,10
Laughney_Massague_2020_LX666,10
BC17086-12_Tumor,10
Human-BRCA1-B,10
UPENN0058,9
homosapiens_None_2023_None_sikkemalisa_001_d10_1101_2022_03_10_483747THD0017,9
homosapiens_None_2023_None_sikkemalisa_002_d10_1101_2022_03_10_483747THD0015,9
homosapiens_None_2023_None_sikkemalisa_002_d10_1101_2022_03_10_483747THD0006,9
VUILD92 More,9
homosapiens_None_2023_None_sikkemalisa_001_d10_1101_2022_03_10_483747THD0019,9
homosapiens_None_2023_None_sikkemalisa_002_d10_1101_2022_03_10_483747SSc-ILD_02,9
homosapiens_None_2023_None_sikkemalisa_002_d10_1101_2022_03_10_483747muc9832,9
homosapiens_None_2023_None_sikkemalisa_002_d10_1101_2022_03_10_483747208C,9
Wu_Zhou_2021_P3,9
Mayr_Schiller_2020_muc5105,9
homosapiens_None_2023_None_sikkemalisa_002_d10_1101_2022_03_10_483747NP35,9
homosapiens_None_2023_None_sikkemalisa_001_d10_1101_2022_03_10_483747VUHD080,9
homosapiens_None_2023_None_sikkemalisa_001_d10_1101_2022_03_10_483747THD0009,9
Wu_Zhou_2021_P32,9
034C,9
D231,9
Adams_Kaminski_2020_002C,8
D372,8
Adams_Kaminski_2020_084C,8
084C,8
Murrow_RM198,8
Adams_Kaminski_2020_396C,8
homosapiens_None_2023_None_sikkemalisa_001_d10_1101_2022_03_10_483747THD0006,8
C52ctr,8
homosapiens_None_2023_None_sikkemalisa_002_d10_1101_2022_03_10_483747BAL035,8
homosapiens_None_2023_None_sikkemalisa_002_d10_1101_2022_03_10_483747GSM4593897,8
homosapiens_None_2023_None_sikkemalisa_001_d10_1101_2022_03_10_483747VUHD073,8
homosapiens_None_2023_None_sikkemalisa_001_d10_1101_2022_03_10_483747Donor_02,8
Adams_Kaminski_2020_081C,8
homosapiens_None_2023_None_sikkemalisa_002_d10_1101_2022_03_10_483747S4,8
homosapiens_None_2023_None_sikkemalisa_002_d10_1101_2022_03_10_483747065C,8
homosapiens_None_2023_None_sikkemalisa_002_d10_1101_2022_03_10_483747THD0017,8
VUILD79,8
002C,8
homosapiens_None_2023_None_sikkemalisa_002_d10_1101_2022_03_10_4837478CO,7
homosapiens_None_2023_None_sikkemalisa_002_d10_1101_2022_03_10_483747SAMN15153960,7
Pal_MH275,7
Vieira_Teichmann_2019_Dropseq_4,7
homosapiens_None_2023_None_sikkemalisa_002_d10_1101_2022_03_10_483747BAL002,7
homosapiens_None_2023_None_sikkemalisa_002_d10_1101_2022_03_10_483747HC3,7
homosapiens_None_2023_None_sikkemalisa_002_d10_1101_2022_03_10_483747THD0009,7
homosapiens_None_2023_None_sikkemalisa_002_d10_1101_2022_03_10_483747BAL026,7
homosapiens_None_2023_None_sikkemalisa_002_d10_1101_2022_03_10_483747VUHD080,7
homosapiens_None_2023_None_sikkemalisa_001_d10_1101_2022_03_10_483747THD0015,7
A36,7
Nee_ Ctrl_ Pt2,7
BC394_Tumor,7
P-S008,7
homosapiens_None_2023_None_sikkemalisa_001_d10_1101_2022_03_10_483747THD0001,7
Wu_Zhou_2021_P16,6
Murrow_RM261,6
Murrow_RM288,6
Nee_ Ctrl_ Pt6,6
pal_Patient 0131,6
CCHMC_SMG_Donor27,6
Wu_Zhou_2021_P30,6
homosapiens_None_2023_None_sikkemalisa_002_d10_1101_2022_03_10_483747SAMN15153959,6
homosapiens_None_2023_None_sikkemalisa_002_d10_1101_2022_03_10_483747IPF_04,5
homosapiens_None_2023_None_sikkemalisa_002_d10_1101_2022_03_10_483747Donor_02,5
Human-BRCA1-G,5
Human-BRCA2-A,5
homosapiens_None_2023_None_sikkemalisa_002_d10_1101_2022_03_10_483747BAL039,5
homosapiens_None_2023_None_sikkemalisa_002_d10_1101_2022_03_10_483747BAL038,5
homosapiens_None_2023_None_sikkemalisa_002_d10_1101_2022_03_10_483747Donor_04,5
homosapiens_None_2023_None_sikkemalisa_002_d10_1101_2022_03_10_483747NP44,5
Maynard_Bivona_2020_TH169,5
homosapiens_None_2023_None_sikkemalisa_002_d10_1101_2022_03_10_483747VUHD072,5
homosapiens_None_2023_None_sikkemalisa_002_d10_1101_2022_03_10_483747VUHD073,5
VUILD64,5
583B,5
homosapiens_None_2023_None_sikkemalisa_002_d10_1101_2022_03_10_483747muc5105,5
D339,5
homosapiens_None_2023_None_sikkemalisa_001_d10_1101_2022_03_10_483747290B,5
homosapiens_None_2023_None_sikkemalisa_002_d10_1101_2022_03_10_483747063I,5
homosapiens_None_2023_None_sikkemalisa_002_d10_1101_2022_03_10_483747483C,5
homosapiens_None_2023_None_sikkemalisa_002_d10_1101_2022_03_10_483747LuT_580,5
homosapiens_None_2023_None_sikkemalisa_001_d10_1101_2022_03_10_483747VUHD072,5
Laughney_Massague_2020_LX653,5
homosapiens_None_2023_None_sikkemalisa_001_d10_1101_2022_03_10_483747Donor_05,4
homosapiens_None_2023_None_sikkemalisa_002_d10_1101_2022_03_10_483747M3,4
A31,4
homosapiens_None_2023_None_sikkemalisa_002_d10_1101_2022_03_10_483747034C,4
Twigger_HMC5,4
homosapiens_None_2023_None_sikkemalisa_002_d10_1101_2022_03_10_483747BAL034,4
D175,4
Laughney_Massague_2020_LX255B,4
homosapiens_None_2023_None_sikkemalisa_002_d10_1101_2022_03_10_483747Donor_05,4
homosapiens_None_2023_None_sikkemalisa_002_d10_1101_2022_03_10_483747284C,3
homosapiens_None_2023_None_sikkemalisa_002_d10_1101_2022_03_10_483747HC1,3
homosapiens_None_2023_None_sikkemalisa_001_d10_1101_2022_03_10_483747VUHD077,3
homosapiens_None_2023_None_sikkemalisa_001_d10_1101_2022_03_10_483747VUHD078,3
homosapiens_None_2023_None_sikkemalisa_002_d10_1101_2022_03_10_483747002C,3
Wu_Zhou_2021_P31,3
homosapiens_None_2023_None_sikkemalisa_002_d10_1101_2022_03_10_483747292B,3
VUHD114,3
homosapiens_None_2023_None_sikkemalisa_002_d10_1101_2022_03_10_483747VUHD077,3
homosapiens_None_2023_None_sikkemalisa_002_d10_1101_2022_03_10_483747092C,3
homosapiens_None_2023_None_sikkemalisa_002_d10_1101_2022_03_10_483747VUHD078,3
homosapiens_None_2023_None_sikkemalisa_002_d10_1101_2022_03_10_48374729I,3
homosapiens_None_2023_None_sikkemalisa_001_d10_1101_2022_03_10_483747284C,3
homosapiens_None_2023_None_sikkemalisa_002_d10_1101_2022_03_10_483747BAL029,3
homosapiens_None_2023_None_sikkemalisa_002_d10_1101_2022_03_10_483747BAL025,3
homosapiens_None_2023_None_sikkemalisa_002_d10_1101_2022_03_10_483747BAL030,3
homosapiens_None_2023_None_sikkemalisa_002_d10_1101_2022_03_10_483747BAL022,3
homosapiens_None_2023_None_sikkemalisa_002_d10_1101_2022_03_10_483747BAL021,3
Wu_Zhou_2021_P33,2
HDBR15404,2
homosapiens_None_2023_None_sikkemalisa_002_d10_1101_2022_03_10_483747BAL017,2
homosapiens_None_2023_None_sikkemalisa_002_d10_1101_2022_03_10_483747BAL010,2
Adams_Kaminski_2020_244C,2
Human-BRCA2-C,2
homosapiens_None_2023_None_sikkemalisa_002_d10_1101_2022_03_10_483747BAL024,2
A52,2
homosapiens_None_2023_None_sikkemalisa_001_d10_1101_2022_03_10_483747292B,1
VUILD69,1
MH8919227,0
MSG15,0
MH8919282,0
MEL028,0
MEL029,0
MSG18,0
MH8919226,0
MSG21,0
MSK0782,0
MH8919179,0
MH8919178,0
MSK1139,0
MSK1216,0
MSG11,0
MMD_23_02177,0
MMD_23_16055,0
MMD_23_17738,0
MMD_23_20181,0
MEL023,0
MMD_23_21623,0
MMD_23_21999,0
MEL024,0
MMD_23_22486,0
MSK1144,0
MEL025,0
MaHCC_S19_,0
MMD_D009_13,0
MS121,0
MS122,0
MEL020,0
MS176,0
MEL026,0
MEL027,0
MS242,0
MaHCC_S20_,0
MaHCC_S08_,0
MGH101,0
MaHCC_S09_,0
MaHCC_S10_,0
MMD_23_01524,0
MGH128,0
MGH102,0
MGH126,0
MGH125,0
MGH124,0
MEL031,0
MGH121,0
MGH104,0
MGH118,0
MGH115,0
MGH114,0
MGH105,0
MGH113,0
MEL021,0
MGH106,0
MGH110,0
MGH122,0
MEL022,0
MSK1248,0
MSK1266,0
MH8919177,0
MH8919176,0
MGH66,0
MSK778,0
MSK779,0
MSK792,0
MaHCC_S16_,0
MaHCC_S07_,0
MEL033,0
MaHCC_S12_,0
MaHCC_S11_,0
MGH152,0
MGH151,0
MSK793,0
MGH100,0
MGH143,0
MaHCC_S02_,0
MGH136,0
MGH129,0
MaHCC_S15_,0
Maynard_Bivona_2020_TH157,0
Maynard_Bivona_2020_TH156,0
MMD_22_02443,0
MMD_22_13066,0
Maynard_Bivona_2020_TH155,0
Maynard_Bivona_2020_TH153,0
Maynard_Bivona_2020_TH146,0
Maynard_Bivona_2020_TH103,0
Maynard_Bivona_2020_TH067,0
Mar-21-HC,0
MEL018,0
Maier_Merad_2020_714,0
Maier_Merad_2020_695,0
Maier_Merad_2020_630,0
Maier_Merad_2020_626,0
MH8919283,0
Maier_Merad_2020_596,0
Maier_Merad_2020_593,0
Maier_Merad_2020_584,0
MMD_22_14307,0
Maier_Merad_2020_581,0
Maier_Merad_2020_729,0
MH8919332,0
MH8919333,0
MIS-C_1,0
MIS-C_2,0
ML_E,0
ML_F,0
MM01,0
MM02,0
MM03,0
MM04,0
MMD_19_D008,0
MM06,0
MM07,0
MM08,0
MM09,0
MM10,0
MM11,0
MM12,0
MM13,0
MM14,0
MM15,0
MMD_19_D005,0
MM05,0
MaHCC_S364,0
MMD_22_17464,0
MMD_22_17939,0
MMD_22_18633,0
MMD_22_20137,0
MMD_22_20357,0
MMD_22_20372,0
MMD_22_21878,0
MMD_22_25357,0
MaHCC_S358,0
MMD_22_16477,0
MaHCC_S351,0
MMD_22_32888,0
MMD_22_33472,0
MMD_22_34032,0
MaHCC_S305,0
MMD_22_37089,0
MMD_22_37117,0
MMD_22_38029,0
MaHCC_S300,0
MaHCC_S21_,0
MMD_22_38453,0
MaHCC_S355,0
Maier_Merad_2020_578,0
Maynard_Bivona_2020_TH171,0
Maier_Merad_2020_572,0
Maier_Merad_2020_571,0
Maier_Merad_2020_570,0
Maier_Merad_2020_569,0
Maier_Merad_2020_564,0
Maier_Merad_2020_558,0
Maier_Merad_2020_532,0
Maier_Merad_2020_522,0
MaHCC_S365,0
Maier_Merad_2020_410,0
Maier_Merad_2020_408,0
Maier_Merad_2020_406,0
Maier_Merad_2020_403,0
Maier_Merad_2020_393,0
Maier_Merad_2020_377,0
Maier_Merad_2020_371,0
Maier_Merad_2020_370,0
MMD_22_16608,0
MMD_22_16860,0
MMD_22_17017,0
Maier_Merad_2020_514,0
P-M053,0
P-M054,0
P-M055,0
P-M056,0
P-M057,0
P-M058,0
P-M059,0
MEL019,0
P-M061,0
P-M062,0
P-M063,0
P-M064,0
P-M065,0
P-M066,0
P-M067,0
P-M068,0
P-M060,0
P-M036,0
P-M037,0
P-M038,0
P-M039,0
P-M040,0
P-M041,0
P-M042,0
P-M052,0
P-M044,0
P-M045,0
P-M046,0
P-M047,0
P-M048,0
P-M049,0
P-M050,0
P-M051,0
P-M043,0
P-S015,0
P-S016,0
P-S017,0
P-S018,0
P-S019,0
P-S020,0
P-S021,0
P-M069,0
P-S023,0
P-S024,0
P-S025,0
P-S026,0
P-S027,0
P-S028,0
P-S029,0
P-S030,0
P-S022,0
P-M070,0
P-M071,0
P-M072,0
P-M073,0
P-M077,0
P-M078,0
P-M079,0
P-S014,0
P-S003,0
P-S004,0
P-S005,0
P-S007,0
P-S010,0
P-S011,0
P-S012,0
P-S013,0
P-S002,0
P-HC009,0
P-HC010,0
P-HC011,0
P-HC012,0
P-HC013,0
P-HC014,0
P-HC015,0
P-M035,0
P-HC017,0
P-HC018,0
P-HC019,0
P-HC020,0
P-HC021,0
P-HC022,0
P-HC023,0
P-HC024,0
P-HC016,0
Oetjen2018_S,0
Oetjen2018_Sk,0
Oetjen2018_T,0
Oetjen2018_U,0
Oetjen2018_W,0
Ogawa_NatCommun_2021_GSM5335529_3D_cholangiocyte,0
Opasawatchai_Donor A,0
P-HC008,0
Ouchi_CellMet_2019_Human_liver_organoids,0
P-HC001,0
P-HC002,0
P-HC003,0
P-HC004,0
P-HC005,0
P-HC006,0
P-HC007,0
Opasawatchai_Donor C,0
P-M019,0
P-M020,0
P-M021,0
P-M022,0
P-M023,0
P-M024,0
P-M025,0
P-HC025,0
P-M027,0
P-M028,0
P-M029,0
P-M030,0
P-M031,0
P-M032,0
P-M033,0
P-M034,0
P-M026,0
P-M001,0
P-M002,0
P-M003,0
P-M004,0
P-M005,0
P-M006,0
P-M007,0
P-M008,0
P-M018,0
P-M010,0
P-M011,0
P-M012,0
P-M013,0
P-M014,0
P-M015,0
P-M016,0
P-M017,0
P-M009,0
P4TLH,0
P5,0
P5846,0
P5866,0
P5931,0
P5TLH,0
P6,0
P-S031,0
P6342,0
P6592,0
P6649,0
P6709,0
P7,0
P8,0
P9,0
P912,0
P6207,0
P14_mother,0
P15F,0
P17H,0
P18F,0
P1TLH,0
P2,0
P20H,0
P4,0
P294,0
P2TLH,0
P3,0
P317,0
P322,0
P34_fetus,0
P34_mother,0
P3TLH,0
P234_JAK,0
PC9,0
PD44714,0
PD48777,0
PH-A44,0
PH-A45,0
PH-A75,0
PH-A77,0
P916,0
PH-B54,0
PH-D67,0
PH-D97,0
PH-E59,0
PH-E78,0
PH-F24,0
PH-G23,0
PH-G54,0
PH-A91,0
PBC001,0
PBC004,0
PBC005,0
PC10,0
PC11,0
PC12,0
PC17,0
PC6,0
PC19,0
PC2,0
PC21,0
PC24,0
PC26,0
PC27,0
PC29,0
PC5,0
PC18,0
P-S049,0
P-S050,0
P-S051,0
P-S052,0
P-S053,0
P-S054,0
P-S055,0
P14_fetus,0
P-S057,0
P-S058,0
P-S059,0
P-S060,0
P-S061,0
P-S062,0
P-S063,0
P-S064,0
P-S056,0
P-S032,0
P-S033,0
P-S034,0
P-S035,0
P-S036,0
P-S037,0
P-S038,0
P-S048,0
P-S040,0
P-S041,0
P-S042,0
P-S043,0
P-S044,0
P-S045,0
P-S046,0
P-S047,0
P-S039,0
P-S084,0
P-S091,0
P-S092,0
P02H,0
P04H,0
P06F,0
P07H,0
P-S065,0
P09H,0
P1,0
P133,0
P134,0
P135,0
P13H,0
P13_fetus,0
P13_mother,0
P08H,0
P-S066,0
P-S067,0
P-S068,0
P-S069,0
P-S070,0
P-S071,0
P-S072,0
P-S073,0
P-S083,0
P-S075,0
P-S076,0
P-S077,0
P-S078,0
P-S079,0
P-S080,0
P-S081,0
P-S082,0
P-S074,0
N00024,0
N00025,0
N00027,0
N00028,0
N00029,0
N00032,0
N00033,0
Oetjen2018_R,0
N00038,0
N00039,0
N00040,0
N00044,0
N00047,0
N00049,0
N00050,0
N1,0
N00037,0
Murrow_RM222,0
Murrow_RM231,0
Murrow_RM234,0
Murrow_RM248,0
Murrow_RM249,0
Murrow_RM253,0
Murrow_RM274,0
N00023,0
Murrow_RM307,0
N00006,0
N00007,0
N00012,0
N00013,0
N00017,0
N00018,0
N00021,0
Murrow_RM278,0
ND2,0
ND3,0
ND4,0
ND5,0
ND6,0
ND7,0
ND8,0
N11,0
NEUTP019MY9,0
NGCII498,0
NGCII499,0
NGCII502,0
NGCII509,0
NGCII510,0
NGCII511,0
NGCII512,0
NEUBB078VEG,0
N12,0
N13,0
N15,0
N16,0
N17,0
N18,0
N20,0
ND1,0
N3,0
N46,0
N5,0
N51,0
N7,0
N9,0
NC1,0
NC2,0
N21,0
Mel102,0
Mel103,0
Mel105,0
Mel106,0
Mel110,0
Mel112,0
Mel116,0
Murrow_RM216,0
Mel126,0
Mel128,0
Mel129pa,0
Mel194,0
Mel478,0
Mel53,0
Mel58,0
Mel60,0
Mel121.1,0
Maynard_Bivona_2020_TH185,0
Maynard_Bivona_2020_TH205,0
Maynard_Bivona_2020_TH210,0
Maynard_Bivona_2020_TH217,0
Maynard_Bivona_2020_TH218,0
Maynard_Bivona_2020_TH220,0
Maynard_Bivona_2020_TH222,0
Mel04.3,0
Maynard_Bivona_2020_TH225,0
Maynard_Bivona_2020_TH227,0
Maynard_Bivona_2020_TH266,0
Mayr_Schiller_2020_muc4659,0
Mayr_Schiller_2020_muc9832,0
McCauley_CMGH_2023_HIO1A_with_EECs,0
McCauley_CMGH_2023_HIO1B_with_EECs,0
McCray_AJCEU_2019_Organoid,0
Maynard_Bivona_2020_TH223,0
Mir-20-Cryo_P2,0
Mir-20-Cryo_P3,0
Mir-20-RPMI_1,0
Mir-20-RPMI_2,0
Mir-20-RPMI_3,0
Mithal_NatCommun_2020_endodermal_progenitor_day13,0
Mithal_NatCommun_2020_endodermal_progenitor_day6,0
Mel71,0
Murrow_RM166,0
Murrow_RM169,0
Murrow_RM172,0
Murrow_RM176,0
Murrow_RM181,0
Murrow_RM183,0
Murrow_RM192,0
Murrow_RM193,0
Murrow_RM142,0
Mel72,0
Mel74,0
Mel75,0
Mel78,0
Mel79,0
Mel80,0
Mel81,0
Mel84,0
Mir-20-Cryo_P1,0
Mel89,0
Mel94,0
Mel98,0
Mende2022_BM_DOD1,0
Mende2022_BM_DOD2,0
Miller_DevCell_2020_Day_0,0
Miller_DevCell_2020_Day_21,0
Miller_DevCell_2020_Day_3,0
Mel88,0
NP30,0
NP31,0
NP32,0
NP35,0
NP36,0
NP37,0
NP38,0
NGCII513,0
NP41,0
NP43,0
NP44,0
NP47,0
Nee_ Ctrl_ Pt1,0
Nee_ Ctrl_ Pt9,0
Nee_ Ctrl_Pt10,0
Nee_ Ctrl_Pt11,0
NP39,0
NP11,0
NP12,0
NP13,0
NP14,0
NP15,0
NP16,0
NP17,0
NP28,0
NP19,0
NP20,0
NP21,0
NP22,0
NP23,0
NP24,0
NP26,0
NP27,0
NP18,0
Oetjen2018_A,0
Oetjen2018_B,0
Oetjen2018_C,0
Oetjen2018_Ck,0
Oetjen2018_E,0
Oetjen2018_F,0
Oetjen2018_G,0
Nee_BRCA1_ Pt1,0
Oetjen2018_J,0
Oetjen2018_K,0
Oetjen2018_L,0
Oetjen2018_M,0
Oetjen2018_N,0
Oetjen2018_O,0
Oetjen2018_P,0
Oetjen2018_Q,0
Oetjen2018_H,0
Nee_BRCA1_ Pt2,0
Nee_BRCA1_ Pt3,0
Nee_BRCA1_ Pt5,0
Nee_BRCA1_ Pt6,0
Nee_BRCA1_ Pt9,0
Nee_BRCA1_Pt11,0
Non-COVID-19_1,0
Non-COVID-19_2,0
Normal 4,0
Non-COVID-19_4,0
Non-COVID-19_5,0
Non-COVID-19_6,0
Non-COVID-19_7,0
Non-COVID-19_8,0
Normal 1,0
Normal 2,0
Normal 3,0
Non-COVID-19_3,0
NGCII543,0
NGCII545,0
NH16-2366,0
NH17-1245,0
NH17-1258,0
NH17-161,0
NH17-1953,0
NP10,0
NH17-2680,0
NH17-442,0
NH18-1406,0
NH19-123,0
NH19-565,0
NIDCRDC3247,0
NIDCRDC3437,0
NIDCRDC3546,0
NH17-2069,0
NGCII514,0
NGCII518,0
NGCII519,0
NGCII520,0
NGCII521,0
NGCII522,0
NGCII524,0
NGCII541,0
NGCII527,0
NGCII529,0
NGCII531,0
NGCII533,0
NGCII536,0
NGCII538,0
NGCII539,0
NGCII540,0
NGCII525,0
NIDCRDC3632,0
NIDCRDC3633,0
NIDCRDC3637,0
NIH-1325,0
NIH-1671,0
NIH-4267,0
NIH-4341,0
NIDCRDC3556,0
NIH-4392,0
NIH-4458,0
NIH-5162,0
NIH-5376,0
NIH-5554,0
NIH-5900,0
NIH-M1154,0
NIH-M2837,0
NIH-4373,0
NIDCRDC3559,0
NIDCRDC3560,0
NIDCRDC3561,0
NIDCRDC3564,0
NIDCRDC3592,0
NIDCRDC3596,0
NIDCRDC3598,0
NIDCRDC3603,0
NIDCRDC3630,0
NIDCRDC3606,0
NIDCRDC3607,0
NIDCRDC3614,0
NIDCRDC3617,0
NIDCRDC3618,0
NIDCRDC3621,0
NIDCRDC3622,0
NIDCRDC3623,0
NIDCRDC3604,0
ICC-C-3288,0
ICC_C_0001,0
ICC_C_0002,0
ICC_C_0003,0
ICC_C_0004,0
ICC_C_0005,0
ICC_control,0
PH-G50,0
IC_H02,0
IC_H03,0
IC_H04,0
ID01,0
ID02,0
ID04,0
ID05,0
IDA005,0
IC_H01,0
Huang_MSG11,0
Huang_MSG13,0
Huang_MSG7,0
Huang_MSG8,0
Huang_MSG9,0
Hues6,0
Hug-.0-Normal2,0
ICC-C-3217,0
Human-BRCA2-B,0
Human-BRCA2-D,0
Human-BRCA2-E,0
Human-BRCA2-F,0
ICC-C-0134,0
ICC-C-0177,0
ICC-C-0666,0
ICC-C-1117,0
Hug-.0-Normal3,0
IGTB1290,0
IGTB1372,0
IGTB141,0
IGTB143,0
IGTB1506,0
IGTB1539,0
IGTB1540,0
IDA006,0
IGTB1575,0
IGTB1650,0
IGTB1731,0
IGTB1762,0
IGTB1768,0
IGTB1789,0
IGTB1793,0
IGTB1814,0
IGTB1542,0
IDA007,0
IDA008,0
IDA009,0
IDA010,0
IDA012,0
IDA013,0
IDA015,0
IDA017,0
IFALD073,0
IDA020,0
IDA025,0
IDA026,0
IDA027,0
IDA028,0
IDA030,0
IFALD006,0
IFALD030,0
IDA019,0
Hs240,0
Hs242,0
Hs248,0
Hs249,0
Hs253,0
Hs254,0
Hs255,0
Huang_ATL05,0
Hs266,0
Hu0216,0
Hu0218,0
Hu0220,0
Hu0221,0
Hu0222,0
Hu0235,0
Hu0326,0
Hs256,0
Hrv98_fetus,0
Hrv98_mother,0
Hrv99,0
Hrv99_fetus,0
Hrv99_mother,0
Hs001,0
Hs002,0
Hs004,0
Hs239,0
Hs010,0
Hs011,0
Hs012,0
Hs013,0
Hs235,0
Hs236,0
Hs237,0
Hs238,0
Hs009,0
HuLN5,0
HuLN6,0
HuLN7,0
HuLN8,0
HuLN9,0
HuSMG.f,0
HuSMG.m,0
Hu0355,0
Hu_Cell_2018B_Human_Chol_Orgs,0
Huang_ATL001,0
Huang_ATL002,0
Huang_ATL003,0
Huang_ATL005,0
Huang_ATL01,0
Huang_ATL02,0
Huang_ATL03,0
Hu_Cell_2018A_Human_Hep_Orgs,0
Hu0563,0
Hu0564,0
Hu0869,0
Hu0887,0
Hu10,0
Hu1059,0
Hu11,0
Hu12,0
HuLN4,0
Hu14,0
Hu6,0
Hu8,0
HuLN10,0
HuLN11,0
HuLN12,0
HuLN2,0
HuLN3,0
Hu13,0
JDM3,0
JDM4,0
JDM5,0
JDM6,0
JDM7,0
JDM8,0
JDM9,0
IGTB1815,0
JHU110,0
JHU119,0
JHU120,0
JHU22,0
JHU52,0
JHU54,0
JHU67,0
JHU95,0
JHU101,0
IVLPS-6,0
Ileum-1,0
Ileum-2-Colon-2,0
Ileum-2/Colon-2,0
Individual 4,0
Inf1,0
Inf2,0
IoC_donor1,0
JDM2,0
IoC_donor3,0
JDM1,0
JDM10,0
JDM11,0
JDM12,0
JDM13,0
JDM14,0
JDM15,0
IoC_donor2,0
JP_RIK_H009,0
JP_RIK_H010,0
JP_RIK_H011,0
JP_RIK_H012,0
JP_RIK_H013,0
JP_RIK_H014,0
JP_RIK_H015,0
JHU96,0
JP_RIK_H017,0
JP_RIK_H018,0
JP_RIK_H019,0
JP_RIK_H020,0
JP_RIK_H021,0
JP_RIK_H022,0
JP_RIK_H023,0
JP_RIK_H024,0
JP_RIK_H016,0
JK124,0
JK125,0
JK126,0
JK134,0
JK136,0
JK142,0
JK152,0
JK153,0
JP_RIK_H008,0
JK163,0
JP_RIK_H001,0
JP_RIK_H002,0
JP_RIK_H003,0
JP_RIK_H004,0
JP_RIK_H005,0
JP_RIK_H006,0
JP_RIK_H007,0
JK156,0
IGTB1982,0
IGTB1987,0
IGTB1996,0
IGTB2007,0
IGTB2065,0
IGTB256,0
IGTB469,0
IVLPS-4,0
IGTB508,0
IGTB514,0
IGTB645,0
IGTB670,0
IGTB826,0
IGTB884,0
IGTB986,0
IM000040,0
IGTB498,0
IGTB1819,0
IGTB1826,0
IGTB1827,0
IGTB1828,0
IGTB1840,0
IGTB1844,0
IGTB1871,0
IGTB1895,0
IGTB1974,0
IGTB1906,0
IGTB1908,0
IGTB1913,0
IGTB1916,0
IGTB1921,0
IGTB195,0
IGTB1952,0
IGTB1966,0
IGTB1901,0
IN_NIB_H037,0
IN_NIB_H038,0
IN_NIB_H039,0
IN_NIB_H040,0
IN_NIB_H041,0
IN_NIB_H042,0
IN_NIB_H043,0
IMR90.4_donor,0
IN_NIB_H045,0
IN_NIB_H046,0
IN_NIB_H047,0
IN_NIB_H048,0
IVLPS-1,0
IVLPS-12,0
IVLPS-2,0
IVLPS-3,0
IN_NIB_H044,0
IN_NIB_H019,0
IN_NIB_H020,0
IN_NIB_H021,0
IN_NIB_H022,0
IN_NIB_H023,0
IN_NIB_H024,0
IN_NIB_H025,0
IN_NIB_H026,0
IN_NIB_H036,0
IN_NIB_H028,0
IN_NIB_H029,0
IN_NIB_H030,0
IN_NIB_H031,0
IN_NIB_H032,0
IN_NIB_H033,0
IN_NIB_H034,0
IN_NIB_H035,0
IN_NIB_H027,0
HTA8_6006,0
HTA8_6007,0
HTA8_6008,0
HTA8_6009,0
HTA8_6010,0
HTA8_6011,0
HTA8_6012,0
Hrv93,0
HTA8_6014,0
HTA8_6015,0
HTA8_6016,0
HTA8_6017,0
HTA8_6018,0
HTA8_6019,0
HTA8_6020,0
HTA8_6021,0
HTA8_6013,0
HTA4_14,0
HTA4_15,0
HTA4_16,0
HTA4_17,0
HTA4_18,0
HTA4_2,0
HTA4_3,0
HTA4_4,0
HTA8_6005,0
HTA4_6,0
HTA4_7,0
HTA4_8,0
HTA4_9,0
HTA8_6001,0
HTA8_6002,0
HTA8_6003,0
HTA8_6004,0
HTA4_5,0
HTAPP-321,0
HTAPP-330,0
HTAPP-364,0
HTAPP-382,0
HTAPP-414,0
HTAPP-423,0
HTAPP-514,0
HTA8_6022,0
HTAPP-519,0
HTAPP-521,0
HTAPP-525,0
HTAPP-562,0
HTAPP-586,0
HTAPP-589,0
HTAPP-611,0
HTAPP-627,0
HTAPP-516,0
HTA8_6023,0
HTA8_6024,0
HTA8_6025,0
HTA8_6026,0
HTA8_6027,0
HTA8_6028,0
HTA8_6029,0
HTAPP-211,0
HTAPP-313,0
HTAPP-223,0
HTAPP-225,0
HTAPP-226,0
HTAPP-231,0
HTAPP-232,0
HTAPP-262,0
HTAPP-285,0
HTAPP-309,0
HTAPP-213,0
HTA11_3410,0
HTA11_347,0
HTA11_377,0
HTA11_3918,0
HTA11_392,0
HTA11_411,0
HTA11_4255,0
HTA4_13,0
HTA11_5216,0
HTA11_5363,0
HTA11_546,0
HTA11_5994,0
HTA11_6025,0
HTA11_6134,0
HTA11_6147,0
HTA11_6182,0
HTA11_5212,0
HT-274,0
HTA11_10167,0
HTA11_104,0
HTA11_10623,0
HTA11_10711,0
HTA11_11156,0
HTA11_11167,0
HTA11_1391,0
HTA11_3361,0
HTA11_2112,0
HTA11_2235,0
HTA11_2487,0
HTA11_2951,0
HTA11_2992,0
HTA11_3077,0
HTA11_3252,0
HTA11_3331,0
HTA11_1938,0
HTA11_8920,0
HTA11_9341,0
HTA11_9408,0
HTA11_99999965062_69753,0
HTA11_99999965062_69756,0
HTA11_99999965104_69815,0
HTA11_99999970781_79442,0
HTA11_6298,0
HTA11_99999971662_82457,0
HTA11_99999973458_83798,0
HTA11_99999973899_84307,0
HTA11_99999974143_84620,0
HTA4_1,0
HTA4_10,0
HTA4_11,0
HTA4_12,0
HTA11_99999970781_79443,0
HTA11_6310,0
HTA11_6801,0
HTA11_6818,0
HTA11_696,0
HTA11_7029,0
HTA11_7128,0
HTA11_7179,0
HTA11_7469,0
HTA11_866,0
HTA11_7696,0
HTA11_78,0
HTA11_7862,0
HTA11_7956,0
HTA11_8099,0
HTA11_83,0
HTA11_8504,0
HTA11_8622,0
HTA11_7663,0
Hrv10,0
Hrv100_fetus,0
Hrv100_mother,0
Hrv11,0
Hrv12,0
Hrv124_fetus,0
Hrv124_mother,0
HTAPP-649,0
Hrv135_fetus,0
Hrv135_mother,0
Hrv136_fetus,0
Hrv136_mother,0
Hrv15,0
Hrv16,0
Hrv168_fetus,0
Hrv168_mother,0
Hrv13,0
Holloway_CellStemCell_2021_hITD_EGF_day132_S90,0
Holloway_CellStemCell_2021_hITD_EGF_day132_S91,0
Holloway_CellStemCell_2021_hITD_NRG1_day105_S17,0
Holloway_CellStemCell_2021_hITD_NRG1_day105_S18,0
Holloway_CellStemCell_2021_hITD_NRG1_day105_S19,0
Holloway_CellStemCell_2021_hITD_NRG1_day105_S20,0
Holloway_CellStemCell_2021_hITD_NRG1_day132_S92,0
Holloway_CellStemCell_2021_hITD_NRG1_day132_S93,0
Horeth_Submandibular Gland 15,0
Holloway_CellStemCell_2021_hITD_NRG1_day132_S95,0
Holloway_DevCell_2020_HIO_control_0d,0
Holloway_DevCell_2020_HIO_control_14d,0
Holloway_DevCell_2020_HIO_control_3d,0
Holloway_DevCell_2020_HIO_control_59d,0
Holloway_DevCell_2020_HIO_control_7d,0
Holloway_DevCell_2020_vHIO_59d,0
Horeth_Submandibular Gland 12,0
Holloway_CellStemCell_2021_hITD_NRG1_day132_S94,0
Hrv43_fetus,0
Hrv43_mother,0
Hrv46_fetus,0
Hrv46_mother,0
Hrv47,0
Hrv49,0
Hrv51,0
Hrv17,0
Hrv55,0
Hrv57,0
Hrv58,0
Hrv59,0
Hrv85,0
Hrv86,0
Hrv91,0
Hrv92,0
Hrv54,0
Hrv18,0
Hrv21,0
Hrv232_fetus,0
Hrv232_mother,0
Hrv236_fetus,0
Hrv236_mother,0
Hrv25,0
Hrv27,0
Hrv41,0
Hrv30,0
Hrv31,0
Hrv32,0
Hrv33,0
Hrv34,0
Hrv37,0
Hrv39,0
Hrv40,0
Hrv3,0
HTAPP-890,0
HTAPP-895,0
HTAPP-908,0
HTAPP-917,0
HTAPP-944,0
HTAPP-947,0
HTAPP-963,0
Holloway_CellStemCell_2021_hITD_EGF_day132_S89,0
HTAPP-983,0
HTAPP-997,0
HUES 66,0
H_ZC-11-292,0
Han_Nat_2021_GSM4451223_hPSC_CO,0
HctYC,0
HctYH,0
He-20-Ctrl,0
HTAPP-982,0
HTAPP-662,0
HTAPP-735,0
HTAPP-745,0
HTAPP-752,0
HTAPP-759,0
HTAPP-812,0
HTAPP-814,0
HTAPP-835,0
HTAPP-889,0
HTAPP-853,0
HTAPP-861,0
HTAPP-862,0
HTAPP-870,0
HTAPP-873,0
HTAPP-878,0
HTAPP-880,0
HTAPP-887,0
HTAPP-851,0
Hein_Dev_2022_Spheroids,0
Hoffmann_CommunBiol_2022_AO15_HT2_16h_control,0
Hoffmann_CommunBiol_2022_AO15_pool_16h_control,0
Hoffmann_CommunBiol_2022_AO16_HT2_16h_control,0
Hoffmann_CommunBiol_2022_AO16_pool_16h_control,0
Hoffmann_CommunBiol_2022_AO22_HT2_16h_control,0
Hoffmann_CommunBiol_2022_AO22_pool_16h_control,0
He_CellStemCell_2022_hSIO_IL22neg,0
Holloway_CellStemCell_2021_hITD_EGFNRG1_day105_S14,0
Holloway_CellStemCell_2021_hITD_EGFNRG1_day105_S15,0
Holloway_CellStemCell_2021_hITD_EGFNRG1_day105_S16,0
Holloway_CellStemCell_2021_hITD_EGF_day105_S1,0
Holloway_CellStemCell_2021_hITD_EGF_day105_S2,0
Holloway_CellStemCell_2021_hITD_EGF_day105_S3,0
Holloway_CellStemCell_2021_hITD_EGF_day105_S4,0
Holloway_CellStemCell_2021_hITD_EGF_day132_S88,0
Holloway_CellStemCell_2021_hITD_EGFNRG1_day105_S13,0
He_CellStemCell_2022_hSIO_IL22pos,0
He_Cell_2022_ASCL1_overexpression,0
He_Cell_2022_NEUROD1_overexpression,0
He_Cell_2022_NEUROG3_overexpression,0
He_Cell_2022_PAX9_overexpression,0
He_Cell_2022_RFX6_overexpression,0
He_Cell_2022_TFAP2A_overexpression,0
He_Cell_2022_deltaNp63alpha_overexpression,0
Hein_Dev_2022_6_week_LPO_Batch2,0
Healthy 1,0
Healthy 2,0
Hein_Dev_2022_10_week_LPO,0
Hein_Dev_2022_10_week_iBTO,0
Hein_Dev_2022_3_week_LPO_Batch1,0
Hein_Dev_2022_3_week_LPO_Batch2,0
Hein_Dev_2022_4_week_iBTO,0
Hein_Dev_2022_6_week_LPO_Batch1,0
He_Cell_2022_wild_type_genotype,0
Kretzschmar_1,0
Krivanek_1,0
Krivanek_2,0
Krivanek_3,0
Krivanek_4,0
Krivanek_5,0
Kumar_P14,0
JP_RIK_H025,0
Kumar_P18,0
Kumar_P19,0
Kydar01,0
Kydar02,0
Kydar04,0
Kydar05,0
Kydar06,0
Kydar07,0
Kumar_P15,0
Kim_Lee_2020_P2006,0
Kim_Lee_2020_P2007,0
Kim_Lee_2020_P2008,0
Kim_Lee_2020_P2011,0
Kim_Lee_2020_P2012,0
Kim_Lee_2020_P3002,0
Kim_Lee_2020_P3003,0
Kim_Lee_2020_P3004,0
Kolf,0
Kim_Lee_2020_P3007,0
Kim_Lee_2020_P3012,0
Kim_Lee_2020_P3013,0
Kim_Lee_2020_P3016,0
Kim_Lee_2020_P3017,0
Kim_Lee_2020_P3019,0
Ko_replicate 1,0
Ko_replicate 2,0
Kim_Lee_2020_P3006,0
Kydar27,0
Kydar28,0
Kydar29,0
Kydar30,0
Kydar31,0
Kydar32,0
Kydar33,0
Kydar08,0
Kydar35,0
Kydar36,0
Kydar37,0
Kydar38,0
Kydar39,0
Kydar40,0
Kydar41,0
L01,0
Kydar34,0
Kydar09,0
Kydar10,0
Kydar11,0
Kydar12,0
Kydar13,0
Kydar14,0
Kydar15,0
Kydar16,0
Kydar26,0
Kydar18,0
Kydar19,0
Kydar20,0
Kydar21,0
Kydar22,0
Kydar23,0
Kydar24,0
Kydar25,0
Kydar17,0
KR_SGI_H138,0
KR_SGI_H139,0
KR_SGI_H140,0
KR_SGI_H141,0
KR_SGI_H142,0
KR_SGI_H143,0
KR_SGI_H144,0
Kim_Lee_2020_P2005,0
KR_SGI_H146,0
KR_SGI_H147,0
KR_SGI_H148,0
KR_SGI_H149,0
KR_SGI_H150,0
KR_SGI_H151,0
KR_SGI_H152,0
KR_SGI_H153,0
KR_SGI_H145,0
KR_SGI_H120,0
KR_SGI_H121,0
KR_SGI_H122,0
KR_SGI_H123,0
KR_SGI_H124,0
KR_SGI_H125,0
KR_SGI_H126,0
KR_SGI_H127,0
KR_SGI_H137,0
KR_SGI_H129,0
KR_SGI_H130,0
KR_SGI_H131,0
KR_SGI_H132,0
KR_SGI_H133,0
KR_SGI_H134,0
KR_SGI_H135,0
KR_SGI_H136,0
KR_SGI_H128,0
Kim-20-HC2,0
Kim-20-HC3,0
Kim-20-HC4,0
Kim-20-HC6,0
Kim_Lee_2020_P1010,0
Kim_Lee_2020_P1011,0
Kim_Lee_2020_P1012,0
KR_SGI_H154,0
Kim_Lee_2020_P1015,0
Kim_Lee_2020_P1019,0
Kim_Lee_2020_P1051,0
Kim_Lee_2020_P1064,0
Kim_Lee_2020_P2001,0
Kim_Lee_2020_P2002,0
Kim_Lee_2020_P2003,0
Kim_Lee_2020_P2004,0
Kim_Lee_2020_P1013,0
KR_SGI_H155,0
KR_SGI_H156,0
KR_SGI_H157,0
KR_SGI_H158,0
KR_SGI_H159,0
KR_SGI_H160,0
KR_SGI_H161,0
KR_SGI_H162,0
Kim-20-HC1,0
KR_SGI_H164,0
KR_SGI_H165,0
Kadur_Nat_2022_LO_Control,0
Kadur_Nat_2022_LO_EGF_depletion,0
Kadur_Nat_2022_LO_Serum_treatement,0
KaraayvazBRCA_PT058,0
Kilik_BioRxiv_2021_UK_HIO_EGF,0
Kilik_BioRxiv_2021_UK_HIO_NRG1,0
KR_SGI_H163,0
LR_RM.612.M.W.60,0
LVG1,0
LWZ,0
LaFet1,0
LaFet2,0
Lamers_EMBOJ_2021_Lung_Bronchioalveolar,0
Leader_Merad_2021_464,0
L01cov,0
Lee_NatCommun_2021B_GSM5399379_LBO,0
Li_StemCR_2020_Stage4,0
Li_StemCR_2020_Stage5,0
Li_StemCR_2020_Stage6,0
Lim_CellStemCell_2023_Lung_alveolar_organoid_epithelium,0
Lim_CellStemCell_2023_Lung_organoid_epithelium,0
Line_3391B,0
Line_409b2,0
Lee_NatCommun_2021A_GSM5399380_GO,0
LH_2077,0
LONZA3030004,0
LONZA3038016,0
LONZA3038097,0
LONZA3038099,0
LONZA3038306,0
LONZA3061635,0
LR_RM.1034.F.W.23,0
LR_RM.1670.M.W.42,0
LR_RM.1262.M.W.41,0
LR_RM.13114.F.B.54,0
LR_RM.13151.F.W.55,0
LR_RM.13281.F.W.54,0
LR_RM.13291.M.B.37,0
LR_RM.1366.F.W.35,0
LR_RM.1488.M.B.39,0
LR_RM.1572.F.W.35,0
LR_RM.1252.M.W.40,0
MCI2_GM,0
MCI3_GM,0
MCI4_GM,0
MEL001,0
MEL002,0
MEL004,0
MEL005,0
Line_809_1_5,0
MEL008,0
MEL009,0
MEL010,0
MEL011,0
MEL014,0
MEL015,0
MEL016,0
MEL017,0
MEL006,0
Line_FOK4,0
Line_KOLF2CL,0
Line_MIFF1,0
Liu-21-K007CTRL,0
Liu-21-K009CTRL,0
Liu-21-K012CTRL,0
Liu-21-K013CTRL,0
M36,0
MCI1_GM,0
M39,0
M40,0
M41,0
M42,0
M43,0
M44,0
M45,0
M46,0
M37,0
L12cov,0
L13cov,0
L15cov,0
L16cov,0
L17cov,0
L18cov,0
L19cov,0
LH_1925_cellRanger,0
L22cov,0
LB3018T,0
LB3579T,0
LB3612T,0
LB3667T,0
LB3771T,0
LB3836T,0
LB3851T,0
L21cov,0
L02,0
L03,0
L03cov,0
L04,0
L04cov,0
L04covaddon,0
L05,0
L05cov,0
L11cov,0
L06cov,0
L07,0
L07cov,0
L08,0
L08cov,0
L09,0
L09cov,0
L10cov,0
L06,0
LB4038T,0
LB4059T,0
LB4075T,0
LB4101T,0
LB4112T,0
LB4117T,0
LB4130T,0
LB3853T,0
LB4180T,0
LEI_22_49449,0
LGS1,0
LGS2,0
LGS3,0
LH_0012,0
LH_0034,0
LH_0951_cellRanger,0
LB4143T,0
LB3854T,0
LB3864T,0
LB3865T,0
LB3869T,0
LB3871T,0
LB3872T,0
LB3914T,0
LB3915T,0
LB4034T,0
LB3933T,0
LB3941T,0
LB3944T,0
LB3963T,0
LB4003T,0
LB4006T,0
LB4015T,0
LB4024T,0
LB3931T,0
JP_RIK_H114,0
JP_RIK_H115,0
JP_RIK_H116,0
JP_RIK_H117,0
JP_RIK_H118,0
JP_RIK_H119,0
JP_RIK_H120,0
KR_SGI_H119,0
JP_RIK_H122,0
JP_RIK_H123,0
JP_RIK_H124,0
JP_RIK_H125,0
JP_RIK_H126,0
JP_RIK_H127,0
JP_RIK_H128,0
JP_RIK_H129,0
JP_RIK_H121,0
JP_RIK_H096,0
JP_RIK_H097,0
JP_RIK_H098,0
JP_RIK_H099,0
JP_RIK_H100,0
JP_RIK_H101,0
JP_RIK_H102,0
JP_RIK_H103,0
JP_RIK_H113,0
JP_RIK_H105,0
JP_RIK_H106,0
JP_RIK_H107,0
JP_RIK_H108,0
JP_RIK_H109,0
JP_RIK_H110,0
JP_RIK_H111,0
JP_RIK_H112,0
JP_RIK_H104,0
JP_RIK_H149,0
JerbyMEL_Mel04.3,0
JerbyMEL_Mel102,0
JerbyMEL_Mel103,0
JerbyMEL_Mel105,0
JerbyMEL_Mel106,0
JerbyMEL_Mel110,0
JP_RIK_H130,0
JerbyMEL_Mel116,0
JerbyMEL_Mel121.1,0
JerbyMEL_Mel126,0
JerbyMEL_Mel128,0
JerbyMEL_Mel129pa,0
JerbyMEL_Mel129pb,0
JerbyMEL_Mel194,0
JerbyMEL_Mel478,0
JerbyMEL_Mel112,0
JP_RIK_H131,0
JP_RIK_H132,0
JP_RIK_H133,0
JP_RIK_H134,0
JP_RIK_H135,0
JP_RIK_H136,0
JP_RIK_H137,0
JP_RIK_H138,0
JP_RIK_H148,0
JP_RIK_H140,0
JP_RIK_H141,0
JP_RIK_H142,0
JP_RIK_H143,0
JP_RIK_H144,0
JP_RIK_H145,0
JP_RIK_H146,0
JP_RIK_H147,0
JP_RIK_H139,0
JP_RIK_H044,0
JP_RIK_H045,0
JP_RIK_H046,0
JP_RIK_H047,0
JP_RIK_H048,0
JP_RIK_H049,0
JP_RIK_H050,0
JP_RIK_H095,0
JP_RIK_H052,0
JP_RIK_H053,0
JP_RIK_H054,0
JP_RIK_H055,0
JP_RIK_H056,0
JP_RIK_H057,0
JP_RIK_H058,0
JP_RIK_H059,0
JP_RIK_H051,0
JP_RIK_H026,0
JP_RIK_H027,0
JP_RIK_H028,0
JP_RIK_H029,0
JP_RIK_H030,0
JP_RIK_H031,0
JP_RIK_H032,0
JP_RIK_H033,0
JP_RIK_H043,0
JP_RIK_H035,0
JP_RIK_H036,0
JP_RIK_H037,0
JP_RIK_H038,0
JP_RIK_H039,0
JP_RIK_H040,0
JP_RIK_H041,0
JP_RIK_H042,0
JP_RIK_H034,0
JP_RIK_H079,0
JP_RIK_H080,0
JP_RIK_H081,0
JP_RIK_H082,0
JP_RIK_H083,0
JP_RIK_H084,0
JP_RIK_H085,0
JP_RIK_H060,0
JP_RIK_H087,0
JP_RIK_H088,0
JP_RIK_H089,0
JP_RIK_H090,0
JP_RIK_H091,0
JP_RIK_H092,0
JP_RIK_H093,0
JP_RIK_H094,0
JP_RIK_H086,0
JP_RIK_H061,0
JP_RIK_H062,0
JP_RIK_H063,0
JP_RIK_H064,0
JP_RIK_H065,0
JP_RIK_H066,0
JP_RIK_H067,0
JP_RIK_H068,0
JP_RIK_H078,0
JP_RIK_H070,0
JP_RIK_H071,0
JP_RIK_H072,0
JP_RIK_H073,0
JP_RIK_H074,0
JP_RIK_H075,0
JP_RIK_H076,0
JP_RIK_H077,0
JP_RIK_H069,0
KR_SGI_H068,0
KR_SGI_H069,0
KR_SGI_H070,0
KR_SGI_H071,0
KR_SGI_H072,0
KR_SGI_H073,0
KR_SGI_H074,0
JerbyMEL_Mel53,0
KR_SGI_H076,0
KR_SGI_H077,0
KR_SGI_H078,0
KR_SGI_H079,0
KR_SGI_H080,0
KR_SGI_H081,0
KR_SGI_H082,0
KR_SGI_H083,0
KR_SGI_H075,0
KR_SGI_H050,0
KR_SGI_H051,0
KR_SGI_H052,0
KR_SGI_H053,0
KR_SGI_H054,0
KR_SGI_H055,0
KR_SGI_H056,0
KR_SGI_H057,0
KR_SGI_H067,0
KR_SGI_H059,0
KR_SGI_H060,0
KR_SGI_H061,0
KR_SGI_H062,0
KR_SGI_H063,0
KR_SGI_H064,0
KR_SGI_H065,0
KR_SGI_H066,0
KR_SGI_H058,0
KR_SGI_H103,0
KR_SGI_H104,0
KR_SGI_H105,0
KR_SGI_H106,0
KR_SGI_H107,0
KR_SGI_H108,0
KR_SGI_H109,0
KR_SGI_H084,0
KR_SGI_H111,0
KR_SGI_H112,0
KR_SGI_H113,0
KR_SGI_H114,0
KR_SGI_H115,0
KR_SGI_H116,0
KR_SGI_H117,0
KR_SGI_H118,0
KR_SGI_H110,0
KR_SGI_H085,0
KR_SGI_H086,0
KR_SGI_H087,0
KR_SGI_H088,0
KR_SGI_H089,0
KR_SGI_H090,0
KR_SGI_H091,0
KR_SGI_H092,0
KR_SGI_H102,0
KR_SGI_H094,0
KR_SGI_H095,0
KR_SGI_H096,0
KR_SGI_H097,0
KR_SGI_H098,0
KR_SGI_H099,0
KR_SGI_H100,0
KR_SGI_H101,0
KR_SGI_H093,0
KRP460,0
KRP461,0
KRP462,0
KR_SGI_H001,0
KR_SGI_H002,0
KR_SGI_H003,0
KR_SGI_H004,0
KR_SGI_H049,0
KR_SGI_H006,0
KR_SGI_H007,0
KR_SGI_H008,0
KR_SGI_H009,0
KR_SGI_H010,0
KR_SGI_H011,0
KR_SGI_H012,0
KR_SGI_H013,0
KR_SGI_H005,0
JerbyMEL_Mel58,0
JerbyMEL_Mel60,0
JerbyMEL_Mel71,0
JerbyMEL_Mel72,0
JerbyMEL_Mel74,0
JerbyMEL_Mel75,0
JerbyMEL_Mel78,0
JerbyMEL_Mel79,0
KRP446,0
JerbyMEL_Mel81,0
JerbyMEL_Mel82,0
JerbyMEL_Mel84,0
JerbyMEL_Mel88,0
JerbyMEL_Mel89,0
JerbyMEL_Mel94,0
JerbyMEL_Mel98,0
KA,0
JerbyMEL_Mel80,0
KR_SGI_H033,0
KR_SGI_H034,0
KR_SGI_H035,0
KR_SGI_H036,0
KR_SGI_H037,0
KR_SGI_H038,0
KR_SGI_H039,0
KR_SGI_H014,0
KR_SGI_H041,0
KR_SGI_H042,0
KR_SGI_H043,0
KR_SGI_H044,0
KR_SGI_H045,0
KR_SGI_H046,0
KR_SGI_H047,0
KR_SGI_H048,0
KR_SGI_H040,0
KR_SGI_H015,0
KR_SGI_H016,0
KR_SGI_H017,0
KR_SGI_H018,0
KR_SGI_H019,0
KR_SGI_H020,0
KR_SGI_H021,0
KR_SGI_H022,0
KR_SGI_H032,0
KR_SGI_H024,0
KR_SGI_H025,0
KR_SGI_H026,0
KR_SGI_H027,0
KR_SGI_H028,0
KR_SGI_H029,0
KR_SGI_H030,0
KR_SGI_H031,0
KR_SGI_H023,0
bcc_temple1,0
bcc_temple2,0
bladder_donor_6,0
body_solebordo_S1,0
body_solebordo_S2,0
body_solebordo_S3,0
body_solebordo_S4,0
body_solebordo_S5,0
Rep_C_1052,0
body_tabib_SC1control,0
body_tabib_SC32control,0
body_tabib_SC33control,0
body_tabib_SC34control,0
body_tabib_SC4control,0
br41epi,0
br53epi,0
buFpQ,0
case_2_recipient,0
body_tabib_SC18control,0
Zeng_2019_Embryo2,0
Zeng_2019_Embryo3,0
Zeve_NatCommun_2022_EEC_enriched_Organoids,0
Zhang_JH_2023_HLO_Control,0
Zhang_JH_2023_PaDLOC_Acetaminophen,0
Zhang_JH_2023_PaDLOC_Control,0
Zhang_JH_2023_PaDLOC_Fialuridine,0
Zhang_JH_2023_PaDLOC_Tenofovir,0
bcc_nose1,0
ZhengPBMC_1,0
abd4,0
alexsc,0
allcells:889004399,0
bcc_cheek1,0
bcc_cheek2,0
bcc_ear1,0
bcc_ear2,0
bcc_forehead1,0
Zhang_JH_2023_PaDLOC_Tenofovir_InarigivirSoproxil,0
custom_0410-1,0
custom_0410-1-smartseq,0
custom_0524-1,0
custom_1205-1,0
custom_1205-4,0
custom_1205-4-smartseq,0
custom_2242-1,0
custom_409b2-iCas9,0
chakravarti_Cornea1,0
custom_8858-1_8858-3_2242-1_1205-4,0
custom_8858-1_8858-3_2242-1_1205-4-smartseq,0
custom_C-6.1,0
custom_C-6.2,0
custom_C-7,0
custom_C3,0
custom_C65,0
custom_DT1_U,0
custom_GIH6-E11,0
custom_8858-1,0
chakravarti_Cornea2,0
chakravarti_Cornea3,0
chen_donor1,0
chen_donor2,0
control_1,0
control_2,0
control_3,0
cov01,0
cov02,0
custom_0307-1,0
cov04,0
cov07,0
cov08,0
cov09,0
cov10,0
cov11,0
cov12,0
cov17,0
cov18,0
cov03,0
Williams_GSE164241_GSM5005058,0
Williams_GSE164241_GSM5005059,0
Williams_GSE164241_GSM5005060,0
Williams_GSE164241_GSM5005061,0
Williams_GSE164241_GSM5005062,0
Williams_GSE164241_GSM5177039,0
Williams_GSE164241_GSM5177040,0
Williams_GSE164241_GSM5177041,0
Zeng_2019_Embryo1,0
Williams_GSE164241_GSM5177043,0
Williams_GSE164241_GSM5177044,0
Wu_Zhou_2021_P2,0
Wu_Zhou_2021_P20,0
X154,0
X192,0
X194,0
XDD351,0
XDD385,0
Williams_GSE164241_GSM5177042,0
Williams_GM144,0
Williams_GM148,0
Williams_GM183,0
Williams_GM184,0
Williams_GM238,0
Williams_GM241,0
Williams_GM242,0
Williams_GM283,0
Williams_GSE164241_GSM5005057,0
Williams_GSE164241_GSM5005048,0
Williams_GSE164241_GSM5005049,0
Williams_GSE164241_GSM5005050,0
Williams_GSE164241_GSM5005051,0
Williams_GSE164241_GSM5005052,0
Williams_GSE164241_GSM5005053,0
Williams_GSE164241_GSM5005054,0
Williams_GSE164241_GSM5005055,0
Williams_GSE164241_GSM5005056,0
Williams_GM289,0
XHU364,0
XHU:292,0
XHU:297,0
XHU:305,0
XHU:307,0
Xu-21-H02,0
Xu-21-H03,0
Xu-21-H04,0
XDD395,0
YCM,0
Yan_Gut_2020_H011_NO,0
Yan_Gut_2020_H011_NOd,0
Yan_Gut_2020_H019_NO,0
Yan_Gut_2020_H019_NOd,0
Yoon_NatCommun_2022_salivary_gland_organoids,0
Yoon_NatCommun_2022_salivary_gland_organoids_latepassages,0
Z11,0
ZBY,0
Xu-21-H05,0
XDD398,0
XDD399,0
XDD400,0
XDD415,0
XDD420,0
XDD424,0
XDD431,0
XDD:313,0
XDD:326,0
XDD:400,0
XDD:342,0
XDD:348,0
XDD:351,0
XDD:358,0
XDD:359,0
XDD:385,0
XDD:394,0
XDD:395,0
XDD:398,0
XDD:334,0
face_cheek3b,0
face_cheek4,0
face_ear1,0
face_ear2,0
face_forehead1,0
face_forehead2,0
face_forehead3,0
face_forehead4,0
custom_GIH7-B12,0
face_nose1,0
face_temple1,0
face_temple2,0
fetal_19w_donor,0
fetal_23w_donor,0
fetus#6,0
fore12,0
fore8,0
fore9,0
face_forehead5,0
donor_2336,0
donor_3,0
donor_3231,0
donor_4,0
donor_5,0
donor_5_GSE169047,0
donor_6,0
donor_6_GSE169047,0
face_cheek3,0
donor_7_GSE169047,0
donor_8,0
donor_8_GSE169047,0
donor_9,0
eWT-1323-4,0
eXCJJ,0
f5sVM,0
face_cheek1,0
face_cheek2,0
donor_7,0
hip4,0
hip5,0
hip6,0
hip7,0
hip8,0
hip9,0
homosapiens_None_2023_None_sikkemalisa_001_d10_1101_2022_03_10_4837472020-3173-NC002,0
homosapiens_None_2023_None_sikkemalisa_001_d10_1101_2022_03_10_4837472020-3173-NC003,0
franjic_hsb231,0
homosapiens_None_2023_None_sikkemalisa_001_d10_1101_2022_03_10_4837472020-3173-NC005,0
homosapiens_None_2023_None_sikkemalisa_001_d10_1101_2022_03_10_4837472020-3173-NC006,0
homosapiens_None_2023_None_sikkemalisa_001_d10_1101_2022_03_10_4837472020-3173-NC007,0
homosapiens_None_2023_None_sikkemalisa_001_d10_1101_2022_03_10_4837472020-3173-NC008,0
homosapiens_None_2023_None_sikkemalisa_001_d10_1101_2022_03_10_483747D322,0
homosapiens_None_2023_None_sikkemalisa_001_d10_1101_2022_03_10_483747D326,0
homosapiens_None_2023_None_sikkemalisa_001_d10_1101_2022_03_10_483747D337,0
homosapiens_None_2023_None_sikkemalisa_001_d10_1101_2022_03_10_483747D339,0
homosapiens_None_2023_None_sikkemalisa_001_d10_1101_2022_03_10_483747D344,0
homosapiens_None_2023_None_sikkemalisa_001_d10_1101_2022_03_10_4837472020-3173-NC004,0
franjic_hsb237,0
franjic_hsb628,0
hDRG1,0
hDRG2,0
hDRG3,0
hDRG4,0
hDRG5,0
hDRG6,0
hb17,0
hip3,0
hb53,0
healthy_4,0
healthy_5,0
healthy_6,0
hft_ctx_w21,0
hip1,0
hip10,0
hip11,0
hip2,0
hb30,0
donor 1813,0
donor 1818,0
donor 4,0
donor 5,0
donor 6,0
donor 7,0
donor 7420/1366,0
donor 8,0
donor_23,0
donor-BLUE,0
donor-BOAT,0
donor-CORK,0
donor-COST,0
donor-DOVE,0
donor-DOWN,0
donor-GOLD,0
donor-KEYS,0
donor-KISS,0
donor-APEX,0
custom_GIH7-F02,0
custom_H28126,0
custom_Mito 210,0
custom_Mito 294,0
custom_ND-B06,0
d59_donor,0
d76_donor,0
diabetic_1,0
donor 1425,0
diabetic_3,0
diabetic_4,0
diabetic_5,0
dickman_Cornea01,0
dickman_Cornea02,0
dickman_Cornea03,0
dickman_Cornea04,0
dickman_Cornea05,0
dickman_Cornea06,0
diabetic_2,0
donor7,0
donor8,0
donor_0,0
donor_1,0
donor_10,0
donor_11,0
donor_12,0
donor_13,0
donor-LACE,0
donor_15,0
donor_16,0
donor_17,0
donor_18,0
donor_19,0
donor_2,0
donor_20,0
donor_22,0
donor_2207,0
donor_14,0
donor-OATS,0
donor-PASS,0
donor-PIKE,0
donor-PINK,0
donor-SILK,0
donor-TIME,0
donor-TREE,0
donor-ZONE,0
donor1,0
donor6,0
donor1-scheetz,0
donor2,0
donor2-hafler,0
donor2-scheetz,0
donor3,0
donor3-hafler,0
donor3-scheetz,0
donor4,0
donor5,0
donor1-hafler,0
WIS_blood_aging_N134,0
WIS_blood_aging_N143,0
WIS_blood_aging_N144,0
WIS_blood_aging_N145,0
WIS_blood_aging_N146,0
WIS_blood_aging_N147,0
WIS_blood_aging_N148,0
WIS_blood_aging_N149,0
Williams_GM143,0
WIS_blood_aging_N151,0
WIS_blood_aging_N152,0
WIS_blood_aging_N153,0
WIS_blood_aging_N154,0
WIS_blood_aging_N155,0
WIS_blood_aging_N156,0
WIS_blood_aging_N157,0
WIS_blood_aging_N158,0
WIS_blood_aging_N159,0
WIS_blood_aging_N150,0
WIS_blood_aging_N115,0
WIS_blood_aging_N116,0
WIS_blood_aging_N117,0
WIS_blood_aging_N118,0
WIS_blood_aging_N119,0
WIS_blood_aging_N12,0
WIS_blood_aging_N120,0
WIS_blood_aging_N121,0
WIS_blood_aging_N133,0
WIS_blood_aging_N123,0
WIS_blood_aging_N124,0
WIS_blood_aging_N125,0
WIS_blood_aging_N126,0
WIS_blood_aging_N127,0
WIS_blood_aging_N128,0
WIS_blood_aging_N129,0
WIS_blood_aging_N130,0
WIS_blood_aging_N131,0
WIS_blood_aging_N122,0
WIS_blood_aging_N18,0
WIS_blood_aging_N180,0
WIS_blood_aging_N181,0
WIS_blood_aging_N182,0
WIS_blood_aging_N183,0
WIS_blood_aging_N184,0
WIS_blood_aging_N185,0
WIS_blood_aging_N186,0
WIS_blood_aging_N16,0
WIS_blood_aging_N188,0
WIS_blood_aging_N189,0
WIS_blood_aging_N190,0
WIS_blood_aging_N191,0
WIS_blood_aging_N192,0
WIS_blood_aging_N193,0
WIS_blood_aging_N194,0
WIS_blood_aging_N196,0
WIS_blood_aging_N197,0
WIS_blood_aging_N187,0
WIS_blood_aging_N160,0
WIS_blood_aging_N161,0
WIS_blood_aging_N162,0
WIS_blood_aging_N163,0
WIS_blood_aging_N164,0
WIS_blood_aging_N165,0
WIS_blood_aging_N166,0
WIS_blood_aging_N167,0
WIS_blood_aging_N168,0
WIS_blood_aging_N179,0
WIS_blood_aging_N17,0
WIS_blood_aging_N170,0
WIS_blood_aging_N171,0
WIS_blood_aging_N172,0
WIS_blood_aging_N173,0
WIS_blood_aging_N174,0
WIS_blood_aging_N175,0
WIS_blood_aging_N176,0
WIS_blood_aging_N178,0
WIS_blood_aging_N169,0
U1,0
U2,0
U40,0
U48,0
UP-8036,0
UP-8165,0
UP-8167,0
UP1008,0
WIS_blood_aging_N114,0
UP1012,0
UP1014,0
UP1015,0
UP1017,0
UP1018,0
UP1021,0
UP1022,0
UP1023,0
UP1024,0
UP1011,0
Triana_MSB_2021b_Ileum_Organoids_Sort_Mock,0
Trujillo_iPSC,0
TweV8,0
Twigger_RB6,0
U00501,0
U00502,0
U00503,0
U00504,0
U09,0
U00515,0
U00519,0
U00601,0
U00605,0
U00607,0
U00613,0
U00617,0
U00619,0
U00701,0
U00505,0
WA01,0
WA09,0
WIS_blood_aging_G12,0
WIS_blood_aging_N1,0
WIS_blood_aging_N100,0
WIS_blood_aging_N101,0
WIS_blood_aging_N102,0
WIS_blood_aging_N103,0
UP1025,0
WIS_blood_aging_N105,0
WIS_blood_aging_N106,0
WIS_blood_aging_N107,0
WIS_blood_aging_N108,0
WIS_blood_aging_N109,0
WIS_blood_aging_N110,0
WIS_blood_aging_N111,0
WIS_blood_aging_N112,0
WIS_blood_aging_N113,0
WIS_blood_aging_N104,0
UP1026,0
UP1031,0
UP1032,0
UP1034,0
UPENN0055,0
UPENN0328,0
UPENN0420,0
UPENN0457,0
UPENN0459,0
Vor-21-human_skin_3,0
VUHD076,0
VUHD105,0
VUHD87,0
Velazquez_CellSyst_2021_GSM4830978_FeLO_D17,0
Velazquez_CellSyst_2021_GSM4830979_DesLO_D17,0
Vor-20-1,0
Vor-20-2,0
Vor-20-3,0
Vor-21-human_skin_2,0
UPENN4146,0
WIS_blood_aging_N82,0
WIS_blood_aging_N84,0
WIS_blood_aging_N85,0
WIS_blood_aging_N86,0
WIS_blood_aging_N87,0
WIS_blood_aging_N88,0
WIS_blood_aging_N89,0
WIS_blood_aging_N90,0
WIS_blood_aging_N201,0
WIS_blood_aging_N92,0
WIS_blood_aging_N93,0
WIS_blood_aging_N94,0
WIS_blood_aging_N95,0
WIS_blood_aging_N97,0
WIS_blood_aging_N98,0
WIS_blood_aging_N99,0
WSSS_THYst8796437,0
WSSS_THYst8796438,0
WIS_blood_aging_N91,0
WIS_blood_aging_N387,0
WIS_blood_aging_N403,0
WIS_blood_aging_N405,0
WIS_blood_aging_N413,0
WIS_blood_aging_N417,0
WIS_blood_aging_N418,0
WIS_blood_aging_N421,0
WIS_blood_aging_N422,0
WIS_blood_aging_N81,0
WIS_blood_aging_N55,0
WIS_blood_aging_N59,0
WIS_blood_aging_N60,0
WIS_blood_aging_N74,0
WIS_blood_aging_N76,0
WIS_blood_aging_N77,0
WIS_blood_aging_N78,0
WIS_blood_aging_N79,0
WIS_blood_aging_N80,0
WIS_blood_aging_N48,0
Wesley_NatCellBio_2022_Hepatoblast_organoids,0
Wesley_NatCellBio_2022_Hepatoblast_organoids_treated_with_hepatozyme,0
Wiedenmann_NatBME_2021_day13,0
Wiedenmann_NatBME_2021_day14,0
Wiedenmann_NatBME_2021_day16,0
Wiedenmann_NatBME_2021_day20,0
Wiedenmann_NatBME_2021_day23,0
Wiedenmann_NatBME_2021_day27,0
WSSS_THYst8796439,0
Wiedenmann_NatBME_2021_day31_600cells,0
Williams_BM152,0
Williams_BM156,0
Williams_BM157,0
Williams_BM158,0
Williams_BM165,0
Williams_BM168,0
Williams_BM169,0
Williams_GM136,0
Wiedenmann_NatBME_2021_day31_300cells,0
WSSS_THYst8796440,0
WSSS_THYst8796441,0
WSSS_THYst8796442,0
WSSS_THYst9384953,0
WSSS_THYst9384954,0
WSSS_THYst9384955,0
WSSS_THYst9384956,0
WSSS_THYst9384957,0
WSSS_THYst9384958,0
Wesley_NatCellBio_2022_Fetal_biliary_organoids,0
Wang02,0
Wang03,0
Wang05,0
Wang06,0
Warner_3629,0
Warner_3630,0
Warner_3631,0
Warner_3632,0
Warner_3633,0
Wang01,0
WIS_blood_aging_N250,0
WIS_blood_aging_N251,0
WIS_blood_aging_N257,0
WIS_blood_aging_N259,0
WIS_blood_aging_N260,0
WIS_blood_aging_N261,0
WIS_blood_aging_N264,0
WIS_blood_aging_N265,0
WIS_blood_aging_N382,0
WIS_blood_aging_N267,0
WIS_blood_aging_N272,0
WIS_blood_aging_N274,0
WIS_blood_aging_N279,0
WIS_blood_aging_N280,0
WIS_blood_aging_N281,0
WIS_blood_aging_N282,0
WIS_blood_aging_N283,0
WIS_blood_aging_N284,0
WIS_blood_aging_N266,0
WIS_blood_aging_N203,0
WIS_blood_aging_N204,0
WIS_blood_aging_N205,0
WIS_blood_aging_N206,0
WIS_blood_aging_N207,0
WIS_blood_aging_N208,0
WIS_blood_aging_N209,0
WIS_blood_aging_N211,0
WIS_blood_aging_N25,0
WIS_blood_aging_N228,0
WIS_blood_aging_N235,0
WIS_blood_aging_N239,0
WIS_blood_aging_N240,0
WIS_blood_aging_N241,0
WIS_blood_aging_N242,0
WIS_blood_aging_N243,0
WIS_blood_aging_N248,0
WIS_blood_aging_N249,0
WIS_blood_aging_N212,0
WIS_blood_aging_N320,0
WIS_blood_aging_N321,0
WIS_blood_aging_N322,0
WIS_blood_aging_N339,0
WIS_blood_aging_N35,0
WIS_blood_aging_N354,0
WIS_blood_aging_N355,0
WIS_blood_aging_N356,0
WIS_blood_aging_N285,0
WIS_blood_aging_N359,0
WIS_blood_aging_N362,0
WIS_blood_aging_N363,0
WIS_blood_aging_N365,0
WIS_blood_aging_N367,0
WIS_blood_aging_N368,0
WIS_blood_aging_N369,0
WIS_blood_aging_N37,0
WIS_blood_aging_N376,0
WIS_blood_aging_N357,0
WIS_blood_aging_N287,0
WIS_blood_aging_N288,0
WIS_blood_aging_N289,0
WIS_blood_aging_N290,0
WIS_blood_aging_N291,0
WIS_blood_aging_N292,0
WIS_blood_aging_N293,0
WIS_blood_aging_N294,0
WIS_blood_aging_N296,0
WIS_blood_aging_N319,0
WIS_blood_aging_N299,0
WIS_blood_aging_N300,0
WIS_blood_aging_N306,0
WIS_blood_aging_N307,0
WIS_blood_aging_N308,0
WIS_blood_aging_N309,0
WIS_blood_aging_N31,0
WIS_blood_aging_N317,0
WIS_blood_aging_N318,0
WIS_blood_aging_N298,0
"pooled (FA394, FA395, FA396, FA397) 4",0
"pooled (FA602, FA604) 1",0
"pooled (FA602, FA604) 2",0
"pooled (FA602, FA604) 3",0
"pooled (FA602, FA604) 4",0
"pooled (FA609, FA611, FA612) 1",0
"pooled (FA609, FA611, FA612) 2",0
"pooled [0150-19,0194-19,0978-18]",0
homosapiens_None_2023_None_sikkemalisa_001_d10_1101_2022_03_10_483747D353,0
"pooled [BCM_22_0200,BCM_23_0491]",0
"pooled [Chen_D018_13,Chen_D017_13]",0
"pooled [Chen_D018_13,Chen_D026_13]",0
"pooled [DEV16171,DEV16135]",0
"pooled [EH1906-01B,UHB1911-12B,UHB1911-12D,UHB2009-18D,UHB1908-22B]",0
"pooled [Hu0220,Hu0235]",0
"pooled [Hu0326,Hu0355]",0
"pooled [Hu0564,Hu1059]",0
"pooled [Hu0869,Hu0887]",0
"pooled [1017-17,1053-17,1005-17]",0
patient12,0
patient13,0
patient14,0
patient15,0
patient16,0
patient2,0
patient3,0
patient4,0
"pooled (FA394, FA395, FA396, FA397) 3",0
patient5-Jeong2021,0
patient5-Martin2019,0
patient6,0
patient7,0
patient8,0
pooled,0
"pooled (FA340, FA341)",0
"pooled (FA394, FA395, FA396, FA397) 1",0
"pooled (FA394, FA395, FA396, FA397) 2",0
patient5,0
pooled_donors_0_3,0
pooled_donors_1_0,0
pooled_donors_1_2,0
pooled_donors_1_3,0
pooled_donors_2_0,0
pooled_donors_2_1,0
pooled_donors_2_3,0
pooled_donors_3_0,0
"pooled [K107181,K109128,K107888,K107530,K107996]",0
pooled_donors_3_2,0
post-COVID-19_1,0
post-COVID-19_10,0
post-COVID-19_2,0
post-COVID-19_3,0
post-COVID-19_4,0
post-COVID-19_5,0
post-COVID-19_6,0
post-COVID-19_7,0
pooled_donors_3_1,0
"pooled [K107238,K108019,K107957,K107889,K108056]",0
"pooled [K107913,K107878,K107919,K107524,K107539]",0
"pooled [K108015,K108070,K108029,K108030,K108111]",0
"pooled [K108288,K109007,K108952,K109065,K107976]",0
"pooled [K108290,K108033,K108946,K108250,K108283]",0
"pooled [K108343,K108563,K107894,K108949,K109089]",0
"pooled [K108420,K108535,K108346,K108493,K108480,K108495]",0
"pooled [K108436,K109044,K109033,K108225,K108562]",0
"pooled [K108454,K108310,K108354,K107952,K108324]",0
pooled_donors_0_1,0
"pooled [K109077,K109039,K109020,K109066,K108988,K109086]",0
"pooled [K109098,K109064,K108587,K108957,K108589]",0
"pooled [K109108,K109090,K109122,K109100]",0
"pooled [UHB1911-19B,UH2105-21B,UH2010-16B,UH2010-26,UHB1911-19D,BRCA1_IU_north]",0
"pooled [dickman_Cornea07,dickman_Cornea08]",0
"pooled [sanes2022_Hu0216,sanes2022_Hu0218]",0
"pooled [sanes2022_Hu0216,sanes2022_Hu0235]",0
"pooled [sanes2022_Hu0220,sanes2022_Hu0218]",0
"pooled [sanes2022_Hu0220,sanes2022_Hu0235]",0
"pooled [K108959,K108950,K108983,K108955,K108978]",0
nCoV 3_4,0
nCoV 5,0
nCoV 6,0
nCoV 7_8,0
nCoV 9_10,0
ndGBM-01,0
ndGBM-02,0
ndGBM-03,0
patient11,0
ndGBM-05,0
ndGBM-06,0
ndGBM-07,0
ndGBM-08,0
ndGBM-09,0
ndGBM-10,0
ndGBM-11,0
newcastle65,0
newcastle74,0
ndGBM-04,0
mullins_GSE183320_Donor16,0
mullins_GSE183320_Donor17,0
mullins_GSE183320_Donor18,0
mullins_GSE183320_Donor19,0
mullins_GSE183320_Donor2,0
mullins_GSE183320_Donor20,0
mullins_GSE183320_Donor21,0
mullins_GSE183320_Donor3,0
nCoV 2,0
mullins_GSE183320_Donor5,0
mullins_GSE183320_Donor6,0
mullins_GSE183320_Donor7,0
mullins_GSE183320_Donor8,0
mullins_GSE183320_Donor9,0
mullins_GSE202747_MELAS1,0
mullins_GSE202747_control1,0
nCoV 1,0
nCoV 11,0
mullins_GSE183320_Donor4,0
pat.10,0
pat.11,0
pat.12,0
pat.13,0
pat.14,0
pat.15,0
pat.16,0
pat.5,0
normal_1,0
pat.7,0
pat.8,0
pat0,0
pat2,0
pat3,0
pat7,0
pat9,0
patient1,0
patient10,0
pat.6,0
normal_2,0
normal_3,0
normal_4,0
normal_5,0
normal_6,0
normal_7,0
obstructed_1,0
obstructed_2,0
obstructed_3,0
pal_Patient 4031,0
obstructed_5,0
one_Ten,0
p46c,0
p47c,0
p50c,0
p51c,0
pRCC,0
paed2,0
pal_Patient 0068,0
obstructed_4,0
stambolian_donor0124,0
stambolian_donor0511,0
stambolian_donor0524,0
stambolian_donor0715,0
0170,0
01_01,0
01_07,0
02_01,0
post-COVID-19_8,0
03_03,0
0117,0
04_09,0
1/0,0
1/2,0
10,0
100,0
1000,0
1000_1001,0
02_11,0
scrCMA076,0
scrCMA077,0
scrCMA087,0
scrCMA089,0
scrCMA090,0
scrCMA091,0
scrCMA093,0
scrCMA094,0
stambolian_donor0122,0
scrCMA121,0
shi_donor1,0
shi_donor2,0
shi_donor3,0
shi_donor4,0
siletti_H18.30.002,0
siletti_H19.30.001,0
siletti_H19.30.002,0
stambolian_donor0106,0
scrCMA120,0
su007,0
su008,0
su009,0
su010,0
su011,0
su012,0
su013,0
su014,0
1001,0
subject_2,0
subject_3,0
subject_4,0
tzan2,0
unknown,0
ureter_donor_1,0
ureter_donor_10,0
ureter_donor_2,0
ureter_donor_3,0
subject_1,0
1001_1002,0
1002,0
1002_1003,0
1003,0
1003_1004,0
1004,0
1004_1005,0
1005_1006,0
1006,0
su006,0
stambolian_donor0716,0
stambolian_donor0727,0
stambolian_donor0824,0
stambolian_donor0826,0
su001,0
su002,0
su003,0
0123,0
su005,0
su004,0
pt06,0
pt07,0
pt08,0
pt09,0
pt10,0
pt11,0
pt12,0
pt13,0
scrCMA072,0
pt15,0
pt16,0
pt17,0
pt18,0
pt19,0
pt20,0
pt21,0
pt22,0
rGBM-01,0
pt14,0
post-COVID-19_9,0
postnatB_1,0
postnatB_10,0
postnatB_2,0
postnatB_3,0
postnatB_4,0
postnatB_5,0
postnatB_6,0
pt05,0
postnatB_8,0
postnatB_9,0
postnatal_10m_donor,0
postnatal_6d_donor,0
psu1,0
pt01,0
pt02,0
pt03,0
pt04,0
postnatB_7,0
scDonor_Tg2_mother,0
scDonor_Tg3_fetus,0
scDonor_Tg3_mother,0
scDonor_Tg4_fetus,0
scDonor_Tg4_mother,0
scalp26,0
scalp32,0
scrCMA036,0
rGBM-02,0
scrCMA040,0
scrCMA041,0
scrCMA046,0
scrCMA048,0
scrCMA049,0
scrCMA050,0
scrCMA054,0
scrCMA063,0
scrCMA064,0
scrCMA038,0
rGBM-03,0
rGBM-04,0
rGBM-05,0
s11,0
sanes2022_Hu0216,0
sanes2022_Hu0218,0
sanes2022_Hu0220,0
sanes2022_Hu0235,0
sanes2022_Hu082219,0
scDonor_Tg2_fetus,0
sanes_Pt2,0
sc5rCMA070,0
sc5rCMA074,0
sc5rCMA136,0
sc5rCMA141,0
sc5rCMA144,0
sc5rCMA149,0
scDonor_Tg1_fetus,0
scDonor_Tg1_mother,0
sanes2022_Pt14,0
homosapiens_None_2023_None_sikkemalisa_002_d10_1101_2022_03_10_483747BG9_7,0
homosapiens_None_2023_None_sikkemalisa_002_d10_1101_2022_03_10_483747CF301018,0
homosapiens_None_2023_None_sikkemalisa_002_d10_1101_2022_03_10_483747D032,0
homosapiens_None_2023_None_sikkemalisa_002_d10_1101_2022_03_10_483747D046,0
homosapiens_None_2023_None_sikkemalisa_002_d10_1101_2022_03_10_483747D062,0
homosapiens_None_2023_None_sikkemalisa_002_d10_1101_2022_03_10_483747D088,0
homosapiens_None_2023_None_sikkemalisa_002_d10_1101_2022_03_10_483747D1,0
homosapiens_None_2023_None_sikkemalisa_002_d10_1101_2022_03_10_483747D10,0
mullins_GSE183320_Donor15,0
homosapiens_None_2023_None_sikkemalisa_002_d10_1101_2022_03_10_483747D122,0
homosapiens_None_2023_None_sikkemalisa_002_d10_1101_2022_03_10_483747D13,0
homosapiens_None_2023_None_sikkemalisa_002_d10_1101_2022_03_10_483747D139,0
homosapiens_None_2023_None_sikkemalisa_002_d10_1101_2022_03_10_483747D14,0
homosapiens_None_2023_None_sikkemalisa_002_d10_1101_2022_03_10_483747D15,0
homosapiens_None_2023_None_sikkemalisa_002_d10_1101_2022_03_10_483747D150,0
homosapiens_None_2023_None_sikkemalisa_002_d10_1101_2022_03_10_483747D16,0
homosapiens_None_2023_None_sikkemalisa_002_d10_1101_2022_03_10_483747D17,0
homosapiens_None_2023_None_sikkemalisa_002_d10_1101_2022_03_10_483747D175,0
homosapiens_None_2023_None_sikkemalisa_002_d10_1101_2022_03_10_483747D11,0
homosapiens_None_2023_None_sikkemalisa_002_d10_1101_2022_03_10_483747BG9_18,0
homosapiens_None_2023_None_sikkemalisa_002_d10_1101_2022_03_10_483747BG9_19,0
homosapiens_None_2023_None_sikkemalisa_002_d10_1101_2022_03_10_483747BG9_2,0
homosapiens_None_2023_None_sikkemalisa_002_d10_1101_2022_03_10_483747BG9_20,0
homosapiens_None_2023_None_sikkemalisa_002_d10_1101_2022_03_10_483747BG9_21,0
homosapiens_None_2023_None_sikkemalisa_002_d10_1101_2022_03_10_483747BG9_22,0
homosapiens_None_2023_None_sikkemalisa_002_d10_1101_2022_03_10_483747BG9_23,0
homosapiens_None_2023_None_sikkemalisa_002_d10_1101_2022_03_10_483747BG9_24,0
homosapiens_None_2023_None_sikkemalisa_002_d10_1101_2022_03_10_483747BG9_37,0
homosapiens_None_2023_None_sikkemalisa_002_d10_1101_2022_03_10_483747BG9_26,0
homosapiens_None_2023_None_sikkemalisa_002_d10_1101_2022_03_10_483747BG9_27,0
homosapiens_None_2023_None_sikkemalisa_002_d10_1101_2022_03_10_483747BG9_3,0
homosapiens_None_2023_None_sikkemalisa_002_d10_1101_2022_03_10_483747BG9_30,0
homosapiens_None_2023_None_sikkemalisa_002_d10_1101_2022_03_10_483747BG9_31,0
homosapiens_None_2023_None_sikkemalisa_002_d10_1101_2022_03_10_483747BG9_33,0
homosapiens_None_2023_None_sikkemalisa_002_d10_1101_2022_03_10_483747BG9_34,0
homosapiens_None_2023_None_sikkemalisa_002_d10_1101_2022_03_10_483747BG9_35,0
homosapiens_None_2023_None_sikkemalisa_002_d10_1101_2022_03_10_483747BG9_36,0
homosapiens_None_2023_None_sikkemalisa_002_d10_1101_2022_03_10_483747BG9_25,0
homosapiens_None_2023_None_sikkemalisa_002_d10_1101_2022_03_10_483747GRO-04,0
homosapiens_None_2023_None_sikkemalisa_002_d10_1101_2022_03_10_483747GRO-06,0
homosapiens_None_2023_None_sikkemalisa_002_d10_1101_2022_03_10_483747GRO-07,0
homosapiens_None_2023_None_sikkemalisa_002_d10_1101_2022_03_10_483747GRO-08,0
homosapiens_None_2023_None_sikkemalisa_002_d10_1101_2022_03_10_483747GRO-09,0
homosapiens_None_2023_None_sikkemalisa_002_d10_1101_2022_03_10_483747GRO-10,0
homosapiens_None_2023_None_sikkemalisa_002_d10_1101_2022_03_10_483747GRO-11,0
homosapiens_None_2023_None_sikkemalisa_002_d10_1101_2022_03_10_483747HC2,0
homosapiens_None_2023_None_sikkemalisa_002_d10_1101_2022_03_10_483747D2,0
homosapiens_None_2023_None_sikkemalisa_002_d10_1101_2022_03_10_483747JVV9L8ng,0
homosapiens_None_2023_None_sikkemalisa_002_d10_1101_2022_03_10_483747KJYDM1ng,0
homosapiens_None_2023_None_sikkemalisa_002_d10_1101_2022_03_10_483747KKCFFT32N,0
homosapiens_None_2023_None_sikkemalisa_002_d10_1101_2022_03_10_483747KKD019N,0
homosapiens_None_2023_None_sikkemalisa_002_d10_1101_2022_03_10_483747KKD020N,0
homosapiens_None_2023_None_sikkemalisa_002_d10_1101_2022_03_10_483747KKD022N,0
homosapiens_None_2023_None_sikkemalisa_002_d10_1101_2022_03_10_483747KKD023N,0
homosapiens_None_2023_None_sikkemalisa_002_d10_1101_2022_03_10_483747KKD024N,0
homosapiens_None_2023_None_sikkemalisa_002_d10_1101_2022_03_10_483747ND15656,0
homosapiens_None_2023_None_sikkemalisa_002_d10_1101_2022_03_10_483747IPF1,0
homosapiens_None_2023_None_sikkemalisa_002_d10_1101_2022_03_10_483747D231,0
homosapiens_None_2023_None_sikkemalisa_002_d10_1101_2022_03_10_483747D239,0
homosapiens_None_2023_None_sikkemalisa_002_d10_1101_2022_03_10_483747D322,0
homosapiens_None_2023_None_sikkemalisa_002_d10_1101_2022_03_10_483747D326,0
homosapiens_None_2023_None_sikkemalisa_002_d10_1101_2022_03_10_483747D337,0
homosapiens_None_2023_None_sikkemalisa_002_d10_1101_2022_03_10_483747D339,0
homosapiens_None_2023_None_sikkemalisa_002_d10_1101_2022_03_10_483747D344,0
homosapiens_None_2023_None_sikkemalisa_002_d10_1101_2022_03_10_483747D353,0
homosapiens_None_2023_None_sikkemalisa_002_d10_1101_2022_03_10_483747D354,0
homosapiens_None_2023_None_sikkemalisa_002_d10_1101_2022_03_10_483747GRO-03,0
homosapiens_None_2023_None_sikkemalisa_002_d10_1101_2022_03_10_483747D367,0
homosapiens_None_2023_None_sikkemalisa_002_d10_1101_2022_03_10_483747D372,0
homosapiens_None_2023_None_sikkemalisa_002_d10_1101_2022_03_10_483747D4,0
homosapiens_None_2023_None_sikkemalisa_002_d10_1101_2022_03_10_483747D5,0
homosapiens_None_2023_None_sikkemalisa_002_d10_1101_2022_03_10_483747D6,0
homosapiens_None_2023_None_sikkemalisa_002_d10_1101_2022_03_10_483747D7,0
homosapiens_None_2023_None_sikkemalisa_002_d10_1101_2022_03_10_483747Donor_08,0
homosapiens_None_2023_None_sikkemalisa_002_d10_1101_2022_03_10_483747GRO-01,0
homosapiens_None_2023_None_sikkemalisa_002_d10_1101_2022_03_10_483747GRO-02,0
homosapiens_None_2023_None_sikkemalisa_002_d10_1101_2022_03_10_483747D363,0
homosapiens_None_2023_None_sikkemalisa_001_d10_1101_2022_03_10_483747T137,0
homosapiens_None_2023_None_sikkemalisa_001_d10_1101_2022_03_10_483747T153,0
homosapiens_None_2023_None_sikkemalisa_001_d10_1101_2022_03_10_483747T154,0
homosapiens_None_2023_None_sikkemalisa_001_d10_1101_2022_03_10_483747T164,0
homosapiens_None_2023_None_sikkemalisa_001_d10_1101_2022_03_10_483747T165,0
homosapiens_None_2023_None_sikkemalisa_001_d10_1101_2022_03_10_483747T166,0
homosapiens_None_2023_None_sikkemalisa_001_d10_1101_2022_03_10_483747T167,0
homosapiens_None_2023_None_sikkemalisa_001_d10_1101_2022_03_10_483747T85,0
homosapiens_None_2023_None_sikkemalisa_002_d10_1101_2022_03_10_483747BG9_12,0
homosapiens_None_2023_None_sikkemalisa_001_d10_1101_2022_03_10_483747T90,0
homosapiens_None_2023_None_sikkemalisa_001_d10_1101_2022_03_10_483747THD0010,0
homosapiens_None_2023_None_sikkemalisa_001_d10_1101_2022_03_10_483747THD0012,0
homosapiens_None_2023_None_sikkemalisa_001_d10_1101_2022_03_10_483747THD0014,0
homosapiens_None_2023_None_sikkemalisa_001_d10_1101_2022_03_10_483747THD0020,0
homosapiens_None_2023_None_sikkemalisa_001_d10_1101_2022_03_10_483747VUHD076,0
homosapiens_None_2023_None_sikkemalisa_001_d10_1101_2022_03_10_483747VUHD105,0
homosapiens_None_2023_None_sikkemalisa_001_d10_1101_2022_03_10_483747VUHD87,0
homosapiens_None_2023_None_sikkemalisa_002_d10_1101_2022_03_10_483747081C,0
homosapiens_None_2023_None_sikkemalisa_001_d10_1101_2022_03_10_483747T89,0
homosapiens_None_2023_None_sikkemalisa_001_d10_1101_2022_03_10_483747D354,0
homosapiens_None_2023_None_sikkemalisa_001_d10_1101_2022_03_10_483747D363,0
homosapiens_None_2023_None_sikkemalisa_001_d10_1101_2022_03_10_483747D367,0
homosapiens_None_2023_None_sikkemalisa_001_d10_1101_2022_03_10_483747D372,0
homosapiens_None_2023_None_sikkemalisa_001_d10_1101_2022_03_10_483747Donor_08,0
homosapiens_None_2023_None_sikkemalisa_001_d10_1101_2022_03_10_483747GRO-01,0
homosapiens_None_2023_None_sikkemalisa_001_d10_1101_2022_03_10_483747GRO-02,0
homosapiens_None_2023_None_sikkemalisa_001_d10_1101_2022_03_10_483747GRO-03,0
homosapiens_None_2023_None_sikkemalisa_001_d10_1101_2022_03_10_483747T126,0
homosapiens_None_2023_None_sikkemalisa_001_d10_1101_2022_03_10_483747GRO-06,0
homosapiens_None_2023_None_sikkemalisa_001_d10_1101_2022_03_10_483747GRO-07,0
homosapiens_None_2023_None_sikkemalisa_001_d10_1101_2022_03_10_483747GRO-08,0
homosapiens_None_2023_None_sikkemalisa_001_d10_1101_2022_03_10_483747GRO-09,0
homosapiens_None_2023_None_sikkemalisa_001_d10_1101_2022_03_10_483747GRO-10,0
homosapiens_None_2023_None_sikkemalisa_001_d10_1101_2022_03_10_483747GRO-11,0
homosapiens_None_2023_None_sikkemalisa_001_d10_1101_2022_03_10_483747T101,0
homosapiens_None_2023_None_sikkemalisa_001_d10_1101_2022_03_10_483747T120,0
homosapiens_None_2023_None_sikkemalisa_001_d10_1101_2022_03_10_483747T121,0
homosapiens_None_2023_None_sikkemalisa_001_d10_1101_2022_03_10_483747GRO-04,0
homosapiens_None_2023_None_sikkemalisa_002_d10_1101_2022_03_10_483747AN5,0
homosapiens_None_2023_None_sikkemalisa_002_d10_1101_2022_03_10_483747AN6,0
homosapiens_None_2023_None_sikkemalisa_002_d10_1101_2022_03_10_483747AN9,0
homosapiens_None_2023_None_sikkemalisa_002_d10_1101_2022_03_10_483747BAL001,0
homosapiens_None_2023_None_sikkemalisa_002_d10_1101_2022_03_10_483747BAL003,0
homosapiens_None_2023_None_sikkemalisa_002_d10_1101_2022_03_10_483747BAL009,0
homosapiens_None_2023_None_sikkemalisa_002_d10_1101_2022_03_10_483747BAL011,0
homosapiens_None_2023_None_sikkemalisa_002_d10_1101_2022_03_10_483747BAL012,0
homosapiens_None_2023_None_sikkemalisa_002_d10_1101_2022_03_10_483747084C,0
homosapiens_None_2023_None_sikkemalisa_002_d10_1101_2022_03_10_483747BAL015,0
homosapiens_None_2023_None_sikkemalisa_002_d10_1101_2022_03_10_483747BAL016,0
homosapiens_None_2023_None_sikkemalisa_002_d10_1101_2022_03_10_483747BAL018,0
homosapiens_None_2023_None_sikkemalisa_002_d10_1101_2022_03_10_483747BAL027,0
homosapiens_None_2023_None_sikkemalisa_002_d10_1101_2022_03_10_483747BAL028,0
homosapiens_None_2023_None_sikkemalisa_002_d10_1101_2022_03_10_483747BAL032,0
homosapiens_None_2023_None_sikkemalisa_002_d10_1101_2022_03_10_483747BAL033,0
homosapiens_None_2023_None_sikkemalisa_002_d10_1101_2022_03_10_483747BAL036,0
homosapiens_None_2023_None_sikkemalisa_002_d10_1101_2022_03_10_483747BAL037,0
homosapiens_None_2023_None_sikkemalisa_002_d10_1101_2022_03_10_483747BAL013,0
homosapiens_None_2023_None_sikkemalisa_002_d10_1101_2022_03_10_483747101CV0ng,0
homosapiens_None_2023_None_sikkemalisa_002_d10_1101_2022_03_10_483747137CO,0
homosapiens_None_2023_None_sikkemalisa_002_d10_1101_2022_03_10_48374716E0F2ng,0
homosapiens_None_2023_None_sikkemalisa_002_d10_1101_2022_03_10_4837471A1DFBng,0
homosapiens_None_2023_None_sikkemalisa_002_d10_1101_2022_03_10_4837472020-3173-NC002,0
homosapiens_None_2023_None_sikkemalisa_002_d10_1101_2022_03_10_4837472020-3173-NC003,0
homosapiens_None_2023_None_sikkemalisa_002_d10_1101_2022_03_10_4837472020-3173-NC004,0
homosapiens_None_2023_None_sikkemalisa_002_d10_1101_2022_03_10_4837472020-3173-NC005,0
homosapiens_None_2023_None_sikkemalisa_002_d10_1101_2022_03_10_4837472020-3173-NC006,0
homosapiens_None_2023_None_sikkemalisa_002_d10_1101_2022_03_10_483747AN14,0
homosapiens_None_2023_None_sikkemalisa_002_d10_1101_2022_03_10_4837472020-3173-NC008,0
homosapiens_None_2023_None_sikkemalisa_002_d10_1101_2022_03_10_483747214I,0
homosapiens_None_2023_None_sikkemalisa_002_d10_1101_2022_03_10_483747244C,0
homosapiens_None_2023_None_sikkemalisa_002_d10_1101_2022_03_10_483747396C,0
homosapiens_None_2023_None_sikkemalisa_002_d10_1101_2022_03_10_4837479JQK55ng,0
homosapiens_None_2023_None_sikkemalisa_002_d10_1101_2022_03_10_483747A9LCTZng,0
homosapiens_None_2023_None_sikkemalisa_002_d10_1101_2022_03_10_483747AN11,0
homosapiens_None_2023_None_sikkemalisa_002_d10_1101_2022_03_10_483747AN12,0
homosapiens_None_2023_None_sikkemalisa_002_d10_1101_2022_03_10_483747AN13,0
homosapiens_None_2023_None_sikkemalisa_002_d10_1101_2022_03_10_4837472020-3173-NC007,0
hou_PCW26_donor,0
hou_PCW9_donor,0
hu01_061419,0
hu02_062419,0
hu03_062719,0
hu04_080619,0
hu05_111418,0
hu06_120518,0
homosapiens_None_2023_None_sikkemalisa_002_d10_1101_2022_03_10_483747ND15989,0
hu08_092618,0
hu09_092718,0
hu10_101018,0
human_kidney_donor_1,0
human_kidney_donor_2,0
human_kidney_donor_3,0
human_kidney_donor_5,0
human_ovary_23,0
human_ovary_27,0
hu07_021219,0
homosapiens_None_2023_None_sikkemalisa_002_d10_1101_2022_03_10_483747cc01p,0
homosapiens_None_2023_None_sikkemalisa_002_d10_1101_2022_03_10_483747cc02p,0
homosapiens_None_2023_None_sikkemalisa_002_d10_1101_2022_03_10_483747cc04p,0
homosapiens_None_2023_None_sikkemalisa_002_d10_1101_2022_03_10_483747cc05p,0
homosapiens_None_2023_None_sikkemalisa_002_d10_1101_2022_03_10_483747cf019,0
homosapiens_None_2023_None_sikkemalisa_002_d10_1101_2022_03_10_483747dd09p,0
homosapiens_None_2023_None_sikkemalisa_002_d10_1101_2022_03_10_483747dd10p,0
homosapiens_None_2023_None_sikkemalisa_002_d10_1101_2022_03_10_483747dd39p,0
hou_PCW23_donor,0
homosapiens_None_2023_None_sikkemalisa_002_d10_1101_2022_03_10_483747h18,0
homosapiens_None_2023_None_sikkemalisa_002_d10_1101_2022_03_10_483747muc4659,0
homosapiens_None_2023_None_sikkemalisa_002_d10_1101_2022_03_10_483747muc5288,0
hou_PCW10_donor,0
hou_PCW11_donor,0
hou_PCW14_donor,0
hou_PCW15_donor,0
hou_PCW18_donor,0
hou_PCW20_donor,0
homosapiens_None_2023_None_sikkemalisa_002_d10_1101_2022_03_10_483747dd49p,0
manaab_H33,0
manaab_H37,0
manaab_H39,0
manaab_H46,0
manaab_H48,0
manaab_H70,0
manaab_H71,0
mullins_GSE135922_donor1,0
human_ovary_28,0
mullins_GSE135922_donor3,0
mullins_GSE149100_donor24,0
mullins_GSE149100_donor25,0
mullins_GSE183320_Donor1,0
mullins_GSE183320_Donor10,0
mullins_GSE183320_Donor11,0
mullins_GSE183320_Donor12,0
mullins_GSE183320_Donor13,0
mullins_GSE183320_Donor14,0
mullins_GSE135922_donor2,0
human_ovary_29,0
human_ovary_49,0
human_ovary_51,0
human_ovary_52,0
human_ovary_54,0
iPSC822,0
ife1,0
lako_AMD_donor,0
lako_Control_donor,0
manaab_H31,0
lako_PCW16_donor,0
lako_PCW20_donor,0
lako_PCW21_donor,0
li_donor72,0
li_donor73,0
li_donor75,0
li_donor76,0
li_donor78,0
manaab_H29,0
lako_PCW12_donor,0
homosapiens_None_2023_None_sikkemalisa_002_d10_1101_2022_03_10_483747NP37,0
homosapiens_None_2023_None_sikkemalisa_002_d10_1101_2022_03_10_483747NP38,0
homosapiens_None_2023_None_sikkemalisa_002_d10_1101_2022_03_10_483747NP41,0
homosapiens_None_2023_None_sikkemalisa_002_d10_1101_2022_03_10_483747NP43,0
homosapiens_None_2023_None_sikkemalisa_002_d10_1101_2022_03_10_483747NP47,0
homosapiens_None_2023_None_sikkemalisa_002_d10_1101_2022_03_10_483747ODGS1Mng,0
homosapiens_None_2023_None_sikkemalisa_002_d10_1101_2022_03_10_483747QZY9VQng,0
homosapiens_None_2023_None_sikkemalisa_002_d10_1101_2022_03_10_483747S3,0
homosapiens_None_2023_None_sikkemalisa_002_d10_1101_2022_03_10_483747ZM3KACng,0
homosapiens_None_2023_None_sikkemalisa_002_d10_1101_2022_03_10_483747SAMN15153955,0
homosapiens_None_2023_None_sikkemalisa_002_d10_1101_2022_03_10_483747SHMI57ng,0
homosapiens_None_2023_None_sikkemalisa_002_d10_1101_2022_03_10_483747Shalek2018_subject_163,0
homosapiens_None_2023_None_sikkemalisa_002_d10_1101_2022_03_10_483747Shalek2018_subject_298,0
homosapiens_None_2023_None_sikkemalisa_002_d10_1101_2022_03_10_483747Shalek2018_subject_299,0
homosapiens_None_2023_None_sikkemalisa_002_d10_1101_2022_03_10_483747Shalek2018_subject_305,0
homosapiens_None_2023_None_sikkemalisa_002_d10_1101_2022_03_10_483747Shalek2018_subject_308,0
homosapiens_None_2023_None_sikkemalisa_002_d10_1101_2022_03_10_483747Shalek2018_subject_310,0
homosapiens_None_2023_None_sikkemalisa_002_d10_1101_2022_03_10_483747Shalek2018_subject_312,0
homosapiens_None_2023_None_sikkemalisa_002_d10_1101_2022_03_10_483747S4ECX8ng,0
homosapiens_None_2023_None_sikkemalisa_002_d10_1101_2022_03_10_483747ND16737,0
homosapiens_None_2023_None_sikkemalisa_002_d10_1101_2022_03_10_483747NP10,0
homosapiens_None_2023_None_sikkemalisa_002_d10_1101_2022_03_10_483747NP11,0
homosapiens_None_2023_None_sikkemalisa_002_d10_1101_2022_03_10_483747NP12,0
homosapiens_None_2023_None_sikkemalisa_002_d10_1101_2022_03_10_483747NP14,0
homosapiens_None_2023_None_sikkemalisa_002_d10_1101_2022_03_10_483747NP15,0
homosapiens_None_2023_None_sikkemalisa_002_d10_1101_2022_03_10_483747NP16,0
homosapiens_None_2023_None_sikkemalisa_002_d10_1101_2022_03_10_483747NP17,0
homosapiens_None_2023_None_sikkemalisa_002_d10_1101_2022_03_10_483747NP18,0
homosapiens_None_2023_None_sikkemalisa_002_d10_1101_2022_03_10_483747NP36,0
homosapiens_None_2023_None_sikkemalisa_002_d10_1101_2022_03_10_483747NP20,0
homosapiens_None_2023_None_sikkemalisa_002_d10_1101_2022_03_10_483747NP21,0
homosapiens_None_2023_None_sikkemalisa_002_d10_1101_2022_03_10_483747NP22,0
homosapiens_None_2023_None_sikkemalisa_002_d10_1101_2022_03_10_483747NP23,0
homosapiens_None_2023_None_sikkemalisa_002_d10_1101_2022_03_10_483747NP24,0
homosapiens_None_2023_None_sikkemalisa_002_d10_1101_2022_03_10_483747NP26,0
homosapiens_None_2023_None_sikkemalisa_002_d10_1101_2022_03_10_483747NP27,0
homosapiens_None_2023_None_sikkemalisa_002_d10_1101_2022_03_10_483747NP30,0
homosapiens_None_2023_None_sikkemalisa_002_d10_1101_2022_03_10_483747NP32,0
homosapiens_None_2023_None_sikkemalisa_002_d10_1101_2022_03_10_483747NP19,0
homosapiens_None_2023_None_sikkemalisa_002_d10_1101_2022_03_10_483747T167,0
homosapiens_None_2023_None_sikkemalisa_002_d10_1101_2022_03_10_483747T85,0
homosapiens_None_2023_None_sikkemalisa_002_d10_1101_2022_03_10_483747T89,0
homosapiens_None_2023_None_sikkemalisa_002_d10_1101_2022_03_10_483747T90,0
homosapiens_None_2023_None_sikkemalisa_002_d10_1101_2022_03_10_483747THD0010,0
homosapiens_None_2023_None_sikkemalisa_002_d10_1101_2022_03_10_483747THD0012,0
homosapiens_None_2023_None_sikkemalisa_002_d10_1101_2022_03_10_483747THD0014,0
homosapiens_None_2023_None_sikkemalisa_002_d10_1101_2022_03_10_483747THD0020,0
homosapiens_None_2023_None_sikkemalisa_002_d10_1101_2022_03_10_483747Shalek2018_subject_316,0
homosapiens_None_2023_None_sikkemalisa_002_d10_1101_2022_03_10_483747TILD010,0
homosapiens_None_2023_None_sikkemalisa_002_d10_1101_2022_03_10_483747TILD030,0
homosapiens_None_2023_None_sikkemalisa_002_d10_1101_2022_03_10_483747VUHD076,0
homosapiens_None_2023_None_sikkemalisa_002_d10_1101_2022_03_10_483747VUHD105,0
homosapiens_None_2023_None_sikkemalisa_002_d10_1101_2022_03_10_483747VUHD87,0
homosapiens_None_2023_None_sikkemalisa_002_d10_1101_2022_03_10_483747VUILD48,0
homosapiens_None_2023_None_sikkemalisa_002_d10_1101_2022_03_10_483747VUILD53,0
homosapiens_None_2023_None_sikkemalisa_002_d10_1101_2022_03_10_483747VUILD54,0
homosapiens_None_2023_None_sikkemalisa_002_d10_1101_2022_03_10_483747VUILD64,0
homosapiens_None_2023_None_sikkemalisa_002_d10_1101_2022_03_10_483747TILD001,0
homosapiens_None_2023_None_sikkemalisa_002_d10_1101_2022_03_10_483747Shalek2018_subject_317,0
homosapiens_None_2023_None_sikkemalisa_002_d10_1101_2022_03_10_483747Shalek2018_subject_318,0
homosapiens_None_2023_None_sikkemalisa_002_d10_1101_2022_03_10_483747Shalek2018_subject_320,0
homosapiens_None_2023_None_sikkemalisa_002_d10_1101_2022_03_10_483747Shalek2018_subject_321,0
homosapiens_None_2023_None_sikkemalisa_002_d10_1101_2022_03_10_483747Shalek2018_subject_356,0
homosapiens_None_2023_None_sikkemalisa_002_d10_1101_2022_03_10_483747Shalek2018_subject_358,0
homosapiens_None_2023_None_sikkemalisa_002_d10_1101_2022_03_10_483747Shalek2018_subject_359,0
homosapiens_None_2023_None_sikkemalisa_002_d10_1101_2022_03_10_483747Shalek2018_subject_360,0
homosapiens_None_2023_None_sikkemalisa_002_d10_1101_2022_03_10_483747Shalek2018_subject_361,0
homosapiens_None_2023_None_sikkemalisa_002_d10_1101_2022_03_10_483747T166,0
homosapiens_None_2023_None_sikkemalisa_002_d10_1101_2022_03_10_483747T101,0
homosapiens_None_2023_None_sikkemalisa_002_d10_1101_2022_03_10_483747T120,0
homosapiens_None_2023_None_sikkemalisa_002_d10_1101_2022_03_10_483747T121,0
homosapiens_None_2023_None_sikkemalisa_002_d10_1101_2022_03_10_483747T126,0
homosapiens_None_2023_None_sikkemalisa_002_d10_1101_2022_03_10_483747T137,0
homosapiens_None_2023_None_sikkemalisa_002_d10_1101_2022_03_10_483747T153,0
homosapiens_None_2023_None_sikkemalisa_002_d10_1101_2022_03_10_483747T154,0
homosapiens_None_2023_None_sikkemalisa_002_d10_1101_2022_03_10_483747T164,0
homosapiens_None_2023_None_sikkemalisa_002_d10_1101_2022_03_10_483747T165,0
homosapiens_None_2023_None_sikkemalisa_002_d10_1101_2022_03_10_483747Shalek2018_subject_362,0
Rep_C_1024,0
Rep_C_1025,0
Rep_C_1026,0
Rep_C_1029,0
Rep_C_1030,0
Rep_C_1031,0
Rep_C_1033,0
Rep_C_1036,0
Triana_MSB_2021b_Ileum_Organoids_Rev_M,0
Rep_C_1038,0
Rep_C_1039,0
Rep_C_1040,0
Rep_C_1043,0
Rep_C_1044,0
Rep_C_1045,0
Rep_C_1046,0
Rep_C_1047,0
Rep_C_1049,0
Rep_C_1037,0
Rectum-2,0
Rep_C_1001,0
Rep_C_1002,0
Rep_C_1003,0
Rep_C_1005,0
Rep_C_1006,0
Rep_C_1007,0
Rep_C_1008,0
Rep_C_1023,0
Rep_C_1010,0
Rep_C_1012,0
Rep_C_1014,0
Rep_C_1015,0
Rep_C_1016,0
Rep_C_1017,0
Rep_C_1018,0
Rep_C_1020,0
Rep_C_1021,0
Rep_C_1009,0
Rep_C_1107,0
Rep_C_1109,0
Rep_C_1111,0
Rep_C_1113,0
Rep_C_1130,0
Rep_C_1131,0
Rep_C_1143,0
Rep_C_1148,0
Rep_C_1050,0
Rep_C_1151,0
Rep_C_1154,0
Rep_C_1161,0
"Reprogrammed CD45+ PBMCs, unknown donor",0
Rey-21-4820STDY7388991,0
Rey-21-4820STDY7388992,0
Rey-21-4820STDY7388993,0
Rey-21-4820STDY7388994,0
Rey-21-4820STDY7388996,0
Rep_C_1149,0
Rep_C_1051,0
HT-260,0
Rep_C_1053,0
Rep_C_1054,0
Rep_C_1055,0
Rep_C_1057,0
Rep_C_1059,0
Rep_C_1060,0
Rep_C_1062,0
Rep_C_1101,0
Rep_C_1065,0
Rep_C_1066,0
Rep_C_1072,0
Rep_C_1076,0
Rep_C_1078,0
Rep_C_1092,0
Rep_C_1093,0
Rep_C_1094,0
Rep_C_1095,0
Rep_C_1064,0
RA21_1_H_F,0
RA22_1_C_F,0
RA23_1_C_F,0
RBG31066_XN3392,0
RBG33494_CIMA-60_CIMA-58_F103,0
RBG33496_F107_CIMA-90_CIMA-100,0
RBG33500_F109_F94_F96,0
RBG33503_F96,0
Rectum-1,0
RBG33508_F90_F103_F107,0
RG1237,0
RL1612,0
RL1613,0
RL1614,0
RL1777,0
RL1786,0
RL2100,0
RL2102,0
RBG33507_F90_F103_F107,0
R266,0
R3,0
R4,0
R5,0
RA01_1_A_M,0
RA03_1_C_F,0
RA04_1_C_F,0
RA05_1_C_M,0
RA20_1_C_F,0
RA07_1_C_F,0
RA08_1_C_M,0
RA09_1_C_M,0
RA10_1_C_F,0
RA15_1_C_F,0
RA16_1_C_M,0
RA17_1_C_F,0
RA18_1_C_F,0
RA19_1_A_F,0
RA06_1_C_M,0
RU1080,0
RU1124,0
RU1138,0
RU1152,0
RU1215,0
RU1231,0
RU1293,0
RU1322,0
RL2103,0
RU666,0
RU681,0
RU699,0
RU701,0
RU779,0
Rayon2021: Donor 0,0
Rayon2021: Donor 1,0
Rayon2021: Donor 2,0
Rayon2021: Donor 3,0
RU255,0
RL2104,0
RL2105,0
RL2106,0
RL2107,0
RL2108,0
RL2109,0
RL2110,0
RL2121,0
RL2122,0
RU1065,0
RL2124,0
RL2125,0
RL2126,0
RL2127,0
RL2128,0
RL2129,0
RL2130,0
RL2131,0
RL2132,0
RL2123,0
S1127,0
S1130,0
S1143,0
S12,0
S13,0
S15,0
S2,0
S279,0
Rey-21-4820STDY7388999,0
S3,0
S4,0
S5,0
S6,0
S7 (S90),0
S8 (S66),0
S9 (S78),0
SAMN08768799,0
SAMN08769026,0
S280,0
S00104,0
S00106,0
S00109,0
S00112,0
S00113,0
S00114,0
S00119,0
S00124,0
S1102,0
S00129,0
S00134,0
S00142,0
S00148,0
S1,0
S10 (S54),0
S1056,0
S11,0
S1100A,0
S00126,0
SAMN12634037,0
SAMN12673306,0
SAMN13108021,0
SAMN13319813,0
SAMN13320559,0
SAMN13866285,0
SAMN13901790,0
SAMN14255441,0
SAMN09370567,0
SAMN15049043,0
SAMN15049044,0
SAMN15049045,0
SAMN15049046,0
SAMN15049047,0
SAMN15049048,0
SAMN15049049,0
SAMN15049050,0
SAMN15049051,0
SAMN15049042,0
SAMN10372788,0
SAMN10439569,0
SAMN10737781,0
SAMN10832912,0
SAMN10873960,0
SAMN11008921,0
SAMN11157311,0
SAMN11373103,0
SAMN11380903,0
SAMN12633894,0
SAMN11483342,0
SAMN11522709,0
SAMN11523048,0
SAMN11633049,0
SAMN11642375,0
SAMN11864195,0
SAMN11867362,0
SAMN12022246,0
SAMN12500521,0
SAMN11476721,0
Rin-21-P116 HC,0
Rin-21-P121 HC,0
Romitti_NatCommun_2022_Human_Thyroid_Organoid,0
Romitti_NatCommun_2022_Human_Thyroid_Organoid_day58,0
Roos_CellStemCell_2022_BRCO,0
Roos_CellStemCell_2022_ICO,0
Rosado_BioRxiv_2021_GSM4984050_LungOD7,0
S00002,0
S00099,0
S00005,0
S00006,0
S00007,0
S00008,0
S00016,0
S00020,0
S00024,0
S00027,0
S00028,0
S00003,0
Rey-21-4820STDY7389000,0
Rey-21-4820STDY7389001,0
Rey-21-4820STDY7389002,0
Rey-21-4820STDY7389007,0
Rey-21-4820STDY7389008,0
Rey-21-4820STDY7389009,0
Rey-21-4820STDY7389010,0
Rey-21-SKN8104894,0
Rin-21-P115 HC,0
Rey-21-SKN8104900,0
Rey-21-SKN8104901,0
Rey-21-SKN8104902,0
Rey-21-SKN8105192,0
Rey-21-SKN8105197,0
Rey-21-SKN8105198,0
Rey-21-SKN8105199,0
Rey-21-SKN8105200,0
Rin-21-P112 HC,0
Rey-21-SKN8104899,0
S00061,0
S00063,0
S00064,0
S00065,0
S00066,0
S00067,0
S00068,0
S00069,0
S00030,0
S00076,0
S00077,0
S00078,0
S00081,0
S00082,0
S00094,0
S00095,0
S00096,0
S00097,0
S00072,0
S00033,0
S00034,0
S00037,0
S00039,0
S00040,0
S00041,0
S00042,0
S00043,0
S00045,0
S00060,0
S00049,0
S00050,0
S00052,0
S00053,0
S00054,0
S00056,0
S00057,0
S00058,0
S00059,0
S00048,0
PTG65_1,0
PW016-703,0
PW017-703,0
PW032,0
PW032-706,0
PW032-710,0
PXC,0
Pagella_GSE161267_GSM4904134,0
R24_P2745,0
Pagella_GSE161267_GSM4904136,0
Pagella_GSE161267_GSM4904137,0
Pagella_GSE161267_GSM4904138,0
Pagella_Perio1,0
Pagella_Perio2,0
Pagella_Perio3,0
Pagella_Perio4,0
Pagella_Perio5,0
Pagella_Pulp1,0
Pagella_GSE161267_GSM4904135,0
PREDICT_FGID_LP_p044,0
PREDICT_FGID_LP_p049,0
PREDICT_FGID_LP_p050,0
PSC005,0
PSC010,0
PSC011,0
PSC012,0
PSC014,0
PT-64_2,0
PSC018,0
PSC019,0
PSC024,0
PSC033,0
PT-61_1,0
PT-61_2,0
PT-62_1,0
PT-62_2,0
PT-64_1,0
PSC016,0
Pat04,0
Pat04-B,0
Pat05,0
Pat05-B,0
Pat06,0
Pat06-B,0
Pat07,0
Pat07-B,0
Pagella_Pulp2,0
Pat08-B,0
Pat09,0
Pat09-B,0
Pat10,0
Pat10-B,0
Pat11,0
Pat11-B,0
Pat12,0
Pat12-B,0
Pat08,0
Pagella_Pulp3,0
Pagella_Pulp4,0
Pagella_Pulp5,0
Pal_MH0021,0
Pal_MH0064,0
Pal_MH288,0
Pal_N1105,0
Pal_N1B,0
Pal_N280,0
Pat03-B,0
Pal_NF,0
Pal_PM0230,0
Palikuqi_Nat_2020_GSM4487132_Sample1D,0
PapRCC,0
Pat01,0
Pat01-B,0
Pat02,0
Pat02-B,0
Pat03,0
Pal_NE,0
PH-O28,0
PH-P12,0
PH-P77,0
PH-P86,0
PH-P96,0
PH-Q25,0
PH-Q52,0
PH-R16,0
PREDICT_FGID_LP_p043,0
PH-T38,0
PH-U41,0
PH-U45,0
PH-V28,0
PH-V60,0
PH-V63,0
PH-V77,0
PH-W93,0
PH-X61,0
PH-S79,0
PH-H39,0
PH-H91,0
PH-I18,0
PH-I28,0
PH-I32,0
PH-I52,0
PH-J80,0
PH-K47,0
PH-O14,0
PH-L16,0
PH-L22,0
PH-M14,0
PH-M22,0
PH-M56,0
PH-M57,0
PH-N33,0
PH-N57,0
PH-N82,0
PH-K48,0
PP2,0
PP3,0
PP4,0
PP5,0
PP6,0
PP7,0
PP8,0
PP9,0
PH-Y03,0
PREDICT_FGID_LP_p009,0
PREDICT_FGID_LP_p017,0
PREDICT_FGID_LP_p023,0
PREDICT_FGID_LP_p028,0
PREDICT_FGID_LP_p030,0
PREDICT_FGID_LP_p033,0
PREDICT_FGID_LP_p034,0
PREDICT_FGID_LP_p035,0
PREDICT_FGID_LP_p037,0
PRECISE-34,0
PH-Y87,0
PH-Z51,0
PJ017,0
PJ018,0
PJ025,0
PJ032,0
PJ035,0
PJ048,0
PJ053,0
PP19,0
PP10,0
PP11,0
PP12,0
PP13,0
PP14,0
PP15,0
PP16,0
PP17,0
PP18,0
PP1,0
QianCRC_CRC_7,0
QianOv_OvC_1,0
QianOv_OvC_2,0
QianOv_OvC_3,0
QianOv_OvC_4,0
QianOv_OvC_5,0
R-00646_01,0
R-00646_03,0
Pat13,0
R-00646_07,0
R0_mother,0
R1,0
R1_mother,0
R2,0
R229,0
R237,0
R239,0
R245,0
R-00646_04,0
QSBBP1716,0
QSBBP1717,0
QSBBP2213,0
QSBBP2315,0
QSBBP2415,0
QSBBP2417,0
QSBBP2912,0
QSBBP4313,0
QianCRC_CRC_6,0
QSBBP5613,0
QSBBP7010,0
QSBBP7605,0
QSBBP9917,0
QianCRC_CRC_1,0
QianCRC_CRC_2,0
QianCRC_CRC_3,0
QianCRC_CRC_4,0
QianCRC_CRC_5,0
QSBBP4815,0
R24_P2726,0
R24_P2727,0
R24_P2728,0
R24_P2730,0
R24_P2731,0
R24_P2732,0
R24_P2733,0
R24_P2734,0
R24_P2262,0
R24_P2736,0
R24_P2737,0
R24_P2738,0
R24_P2739,0
R24_P2740,0
R24_P2741,0
R24_P2742,0
R24_P2743,0
R24_P2744,0
R24_P2735,0
R24_P2287,0
R24_P2321,0
R24_P2323,0
R24_P2324,0
R24_P2330,0
R24_P2350,0
R24_P2392,0
R24_P2394,0
R24_P2423,0
R24_P2654,0
R24_P2494,0
R24_P2508,0
R24_P2533,0
R24_P2538,0
R24_P2574,0
R24_P2576,0
R24_P2593,0
R24_P2603,0
R24_P2634,0
R24_P2462,0
Pat23,0
Pat23-B,0
Pat24,0
Pat24-B,0
Pat25,0
Pat26,0
Pat27,0
Pat28,0
QSBBP1609,0
Pat2_Friedrich2021,0
Pat3_Friedrich2021,0
Pat6,0
Pat9,0
Pat9_Friedrich2021,0
Patel_1,0
Patel_2,0
Patel_3,0
Patel_4,0
Pat29,0
Pat13-B,0
Pat13_Friedrich2021,0
Pat14,0
Pat14-B,0
Pat14_Friedrich2021,0
Pat15,0
Pat15-B,0
Pat16,0
Pat16-B,0
Pat22-B,0
Pat17-B,0
Pat18,0
Pat18-B,0
Pat19,0
Pat19-B,0
Pat20,0
Pat20-B,0
Pat21,0
Pat22,0
Pat17,0
Patient_1,0
Patient_2,0
Patient_3,0
Patient_4,0
Perio2,0
Perio3,0
Perio4,0
Perio5,0
Patient01,0
Post-Vaccination_1,0
Post-Vaccination_2,0
Post-Vaccination_3,0
Post-Vaccination_4,0
Pringle_1,0
Pringle_2,0
Pt2,0
Q59,0
QSBBP1512,0
PleuralEffusion,0
Patient02,0
Patient03,0
Patient05,0
Patient06,0
Patient07,0
Patient08,0
Patient09,0
Patient10,0
Patient11,0
Patient22,0
Patient13,0
Patient14,0
Patient15,0
Patient16,0
Patient17,0
Patient18,0
Patient19,0
Patient20,0
Patient21,0
Patient12,0
T024,0
T03,0
T036,0
T036NEG,0
T036POS,0
T044,0
T057,0
T06,0
SAMN15337453,0
T101,0
T110,0
T110NEG,0
T110POS,0
T120,0
T121,0
T126,0
T137,0
T153,0
T07,0
SoleSKCM_S3,0
SoleSKCM_S4,0
SoleSKCM_S5,0
Subject1,0
Subject2,0
Subject3,0
Subject4,0
Subject5,0
T019,0
Subject7,0
Subject8,0
Sung_NO_2020_GSM4654340_TNF_free,0
Sung_NO_2020_GSM4654341_TNF_treat,0
Suzuki_STARProt_2021_LungO_BU3_NGPT_Basal_Cell_Medium_1,0
Suzuki_STARProt_2021_LungO_BU3_NGPT_Basal_Cell_Medium_2,0
Suzuki_STARProt_2021_LungO_BU3_NGPT_FGF210DCIY_1,0
Suzuki_STARProt_2021_LungO_BU3_NGPT_FGF210DCIY_2,0
T017,0
Subject6,0
TH_MAH_H002,0
TH_MAH_H003,0
TH_MAH_H004,0
TH_MAH_H005,0
TH_MAH_H006,0
TH_MAH_H007,0
TH_MAH_H008,0
TH_MAH_H009,0
T154,0
TH_MAH_H011,0
TH_MAH_H012,0
TH_MAH_H013,0
TH_MAH_H014,0
TH_MAH_H015,0
TH_MAH_H016,0
TH_MAH_H017,0
TH_MAH_H018,0
TH_MAH_H019,0
TH_MAH_H010,0
T160,0
T161,0
T164,0
T165,0
T166,0
T167,0
T176,0
T182,0
T189,0
TH_MAH_H001,0
T202,0
T203,0
T2D-1,0
T2D-2,0
T44,0
T84,0
T85,0
T89,0
T90,0
T197,0
SPECTRUM-OV-050,0
SPECTRUM-OV-051,0
SPECTRUM-OV-052,0
SPECTRUM-OV-053,0
SPECTRUM-OV-054,0
SPECTRUM-OV-065,0
SPECTRUM-OV-067,0
SPECTRUM-OV-068,0
SoleSKCM_S2,0
SPECTRUM-OV-071,0
SPECTRUM-OV-075,0
SPECTRUM-OV-077,0
SPECTRUM-OV-080,0
SPECTRUM-OV-081,0
SPECTRUM-OV-082,0
SPECTRUM-OV-083,0
SPECTRUM-OV-090,0
SPECTRUM-OV-105,0
SPECTRUM-OV-070,0
SM5-C19,0
SM6-C19,0
SPECTRUM-OV-002,0
SPECTRUM-OV-003,0
SPECTRUM-OV-007,0
SPECTRUM-OV-008,0
SPECTRUM-OV-009,0
SPECTRUM-OV-014,0
SPECTRUM-OV-049,0
SPECTRUM-OV-024,0
SPECTRUM-OV-025,0
SPECTRUM-OV-026,0
SPECTRUM-OV-031,0
SPECTRUM-OV-036,0
SPECTRUM-OV-037,0
SPECTRUM-OV-041,0
SPECTRUM-OV-042,0
SPECTRUM-OV-045,0
SPECTRUM-OV-022,0
Sampaziotis_Science_2021_ORG_CBD_T2_4,0
Sampaziotis_Science_2021_ORG_GB_1,0
Sampaziotis_Science_2021_ORG_GB_2,0
Sampaziotis_Science_2021_ORG_GB_T1_2,0
Sampaziotis_Science_2021_ORG_GB_T2_3,0
Sampaziotis_Science_2021_ORG_IHD_1,0
Sampaziotis_Science_2021_ORG_IHD_2,0
Sampaziotis_Science_2021_ORG_IHD_T1_1,0
SPECTRUM-OV-107,0
Sarvestani_NatCommun_2021_CRL1541_iHNO,0
Sarvestani_NatCommun_2021_NL33_iHNO,0
Sarvestani_NatCommun_2021_NL34_iHNO,0
Setty2019_BM1,0
Setty2019_BM2,0
Setty2019_BM3,0
Sol-20-y1,0
Sol-20-y2,0
SoleSKCM_S1,0
Sampaziotis_Science_2021_ORG_IHD_T2_1,0
SPECTRUM-OV-110,0
SPECTRUM-OV-112,0
SPECTRUM-OV-115,0
SPECTRUM-OV-116,0
SPECTRUM-OV-118,0
Salahudeen_Nat_2020_GSM2855474_Lung_1_1,0
Salahudeen_Nat_2020_GSM2855475_Lung_1_2,0
Salahudeen_Nat_2020_GSM2855476_Lung_1_3,0
Salahudeen_Nat_2020_GSM2855477_Lung_1_4,0
Sampaziotis_Science_2021_ORG_CBD_T2_1,0
Salahudeen_Nat_2020_GSM2855479_Lung_2_2,0
Salahudeen_Nat_2020_GSM2855480_Lung_2_3,0
Salahudeen_Nat_2020_GSM2855481_Lung_2_4,0
Salahudeen_Nat_2020_GSM2855482_Lung_3_1,0
Salahudeen_Nat_2020_GSM2855483_Lung_3_2,0
Salahudeen_Nat_2020_GSM2855484_Lung_3_3,0
Salahudeen_Nat_2020_GSM2855485_Purified_AT2,0
Sampaziotis_Science_2021_ORG_CBD_1,0
Sampaziotis_Science_2021_ORG_CBD_2,0
Salahudeen_Nat_2020_GSM2855478_Lung_2_1,0
Tab-18-SC33control,0
Tab-18-SC34control,0
Tab-18-SC4control,0
Tab-21-SC1,0
Tab-21-SC124,0
Tab-21-SC125,0
Tab-21-SC18,0
Tab-21-SC32,0
TH_MAH_H020,0
Tab-21-SC34,0
Tab-21-SC4,0
Tab-21-SC50,0
Tab-21-SC68,0
Tab-21-T10_S5,0
Tab-21-T10_S6,0
Tab-21-T14_S17,0
Tab-21-T14_S18,0
Tabula Sapiens_TSP14,0
Tab-21-SC33,0
TWCM-11-41,0
TWCM-11-42,0
TWCM-11-74,0
TWCM-11-78,0
TWCM-11-82,0
TWCM-13-1,0
TWCM-13-101,0
TWCM-13-104,0
Tab-18-SC32control,0
TWCM-13-152,0
TWCM-13-168,0
TWCM-13-192,0
TWCM-13-36,0
TWCM-13-80,0
TWCM-13-96,0
TWCM-14-173,0
Tab-18-SC18control,0
Tab-18-SC1control,0
TWCM-13-132,0
The-.0-H2,0
The-.0-H3,0
The-.0-H4,0
Thispaper_Thispaper_2023_UK_Duo89,0
Thispaper_Thispaper_2023_UK_R5_Duo81_hum_enteroids,0
Thispaper_Thispaper_2023_UK_R6_Duo87_hum_enteroids,0
Thispaper_Thispaper_2023_fetal_liver_organoids,0
Thispaper_Thispaper_2023_stomach_antrum_organoids,0
Tabula Sapiens_TSP7,0
Thispaper_Thispaper_2023_suspension_HIO_derived_tHIO,0
Tran_iScience_2022_GSE164514_AEC_3D,0
Triana_MSB_2021_Colon_organoids_Mock,0
Triana_MSB_2021_Ileum_organoids_Mock,0
Triana_MSB_2021b_Ileum_Organoids_H4_Live2,0
Triana_MSB_2021b_Ileum_Organoids_N_Mock,0
Triana_MSB_2021b_Ileum_Organoids_Ns_Mock,0
Triana_MSB_2021b_Ileum_Organoids_Ns_NMock_1,0
Triana_MSB_2021b_Ileum_Organoids_Ns_NMock_2,0
Thispaper_Thispaper_2023_stomach_corpus_organoids,0
Teen Tx,0
The-.0-DM2,0
The-.0-DM3,0
The-.0-DM4,0
The-.0-G1,0
The-.0-G10,0
The-.0-G14,0
The-.0-G16,0
The-.0-G18,0
The-.0-H1,0
The-.0-G28,0
The-.0-G29,0
The-.0-G31,0
The-.0-G32,0
The-.0-G36,0
The-.0-G40,0
The-.0-G43,0
The-.0-G44,0
The-.0-G50,0
The-.0-G24,0
TH_MAH_H040,0
TH_MAH_H041,0
TH_MAH_H042,0
TH_MAH_H043,0
TH_MAH_H044,0
TH_MAH_H045,0
TH_MAH_H046,0
TH_MAH_H047,0
TWCM-11-264,0
TH_MAH_H049,0
TH_MAH_H050,0
TH_MAH_H051,0
TH_MAH_H052,0
TH_MAH_H053,0
TH_MAH_H054,0
TH_MAH_H055,0
TH_MAH_H056,0
TH_MAH_H057,0
TH_MAH_H048,0
TH_MAH_H021,0
TH_MAH_H022,0
TH_MAH_H023,0
TH_MAH_H024,0
TH_MAH_H025,0
TH_MAH_H026,0
TH_MAH_H027,0
TH_MAH_H028,0
TH_MAH_H039,0
TH_MAH_H030,0
TH_MAH_H031,0
TH_MAH_H032,0
TH_MAH_H033,0
TH_MAH_H034,0
TH_MAH_H035,0
TH_MAH_H036,0
TH_MAH_H037,0
TH_MAH_H038,0
TH_MAH_H029,0
TSP26,0
TSP28,0
TSP3,0
TSP30,0
TSP4,0
TSP5,0
TSP6,0
TSP7,0
TH_MAH_H058,0
TSP9,0
TUM_13,0
TUM_25,0
TUM_C1,0
TWCM-10-68,0
TWCM-11-103,0
TWCM-11-104,0
TWCM-11-192,0
TWCM-11-256,0
TSP8,0
TH_MAH_H059,0
TILD060,0
TILD074,0
TILD080,0
TLE1_CTX,0
TLE2_CTX,0
TLE3_CTX,0
TSC-CT10,0
TSC-CT12,0
TSP20,0
TSC-CT8,0
TSC-CT9,0
TSP10,0
TSP11,0
TSP12,0
TSP13,0
TSP15,0
TSP17,0
TSP19,0
TSC-CT13,0
SG_HEL_H05a,0
SG_HEL_H060,0
SG_HEL_H062,0
SG_HEL_H065,0
SG_HEL_H066,0
SG_HEL_H067,0
SG_HEL_H069,0
SG_HEL_H06a,0
SM4-C20,0
SG_HEL_H073,0
SG_HEL_H074,0
SG_HEL_H077,0
SG_HEL_H07a,0
SG_HEL_H082,0
SG_HEL_H083,0
SG_HEL_H084,0
SG_HEL_H08a,0
SG_HEL_H093,0
SG_HEL_H072,0
SG_HEL_H030,0
SG_HEL_H031,0
SG_HEL_H032,0
SG_HEL_H037,0
SG_HEL_H039,0
SG_HEL_H03a,0
SG_HEL_H042,0
SG_HEL_H044,0
SG_HEL_H059,0
SG_HEL_H046,0
SG_HEL_H048,0
SG_HEL_H04a,0
SG_HEL_H051,0
SG_HEL_H052,0
SG_HEL_H053,0
SG_HEL_H054,0
SG_HEL_H055,0
SG_HEL_H056,0
SG_HEL_H045,0
SG_HEL_H125,0
SG_HEL_H126,0
SG_HEL_H127,0
SG_HEL_H12a,0
SG_HEL_H130,0
SG_HEL_H134,0
SG_HEL_H135,0
SG_HEL_H136,0
SG_HEL_H094,0
SG_HEL_H139,0
SG_HEL_H13a,0
SG_HEL_H140,0
SG_HEL_H141,0
SG_HEL_H143,0
SG_HEL_H144,0
SG_HEL_H145,0
SG_HEL_H146,0
SG_HEL_H148,0
SG_HEL_H138,0
SG_HEL_H096,0
SG_HEL_H099,0
SG_HEL_H09a,0
SG_HEL_H101,0
SG_HEL_H103,0
SG_HEL_H105,0
SG_HEL_H106,0
SG_HEL_H108,0
SG_HEL_H109,0
SG_HEL_H124,0
SG_HEL_H110,0
SG_HEL_H111,0
SG_HEL_H113,0
SG_HEL_H117,0
SG_HEL_H118,0
SG_HEL_H119,0
SG_HEL_H11a,0
SG_HEL_H121,0
SG_HEL_H123,0
SG_HEL_H10a,0
SC021 (KUL21,0
SC021 (KUL21),0
SC024,0
SC027,0
SC028 (KUL28),0
SC029,0
SC030 (KUL30),0
SC031 (KUL31),0
SG_HEL_H02a,0
SD008/17,0
SD011/18,0
SD012/17,0
SD014/13,0
SD016/13,0
SD017/13,0
SD022/16,0
SD024/17,0
SD025/17,0
SC102A-1,0
SAMN15889151,0
SAMN15889152,0
SAMN15889153,0
SAMN15889154,0
SAMN15889155,0
SAMN15889156,0
SAMN15889157,0
SAMN15889158,0
SC019 (KUL19),0
SAMN16365027,0
SAMN16373925,0
SAMN16547514,0
SAMN17209843,0
SAMN17528599,0
SAMN17831932,0
SB19PCW,0
SC,0
SC001 (KUL01),0
SAMN15889159,0
SF11979,0
SF4297,0
SF6996,0
SF9259R,0
SF9259S,0
SG_HEL_H001,0
SG_HEL_H002,0
SG_HEL_H003,0
SD026/16,0
SG_HEL_H011,0
SG_HEL_H012,0
SG_HEL_H013,0
SG_HEL_H017,0
SG_HEL_H018,0
SG_HEL_H019,0
SG_HEL_H024,0
SG_HEL_H026,0
SG_HEL_H027,0
SG_HEL_H008,0
SD029/17,0
SD030/18,0
SD031/15,0
SD036/17,0
SD038/16,0
SD038/17,0
SD041/19,0
SD042/14,0
SD042/18,0
SF11956,0
SD48/16,0
SF10022,0
SF10127,0
SF11159,0
SF11209,0
SF11215,0
SF11232,0
SF11247,0
SF11644,0
SD046/16,0
SG_HEL_H366,0
SG_HEL_H371,0
SG_HEL_H377,0
SG_HEL_H378,0
SG_HEL_H379,0
SG_HEL_H380,0
SG_HEL_H385,0
SG_HEL_H387,0
SG_HEL_H14a,0
SG_HEL_H393,0
SG_HEL_H394,0
SG_HEL_H400,0
SG_HEL_H419,0
SG_HEL_H425,0
SG_HEL_H427,0
SG_HEL_H431,0
SG_HEL_H433,0
SG_HEL_H434,0
SG_HEL_H391,0
SG_HEL_H315,0
SG_HEL_H316,0
SG_HEL_H318,0
SG_HEL_H319,0
SG_HEL_H320,0
SG_HEL_H323,0
SG_HEL_H325,0
SG_HEL_H331,0
SG_HEL_H365,0
SG_HEL_H338,0
SG_HEL_H339,0
SG_HEL_H342,0
SG_HEL_H345,0
SG_HEL_H347,0
SG_HEL_H351,0
SG_HEL_H353,0
SG_HEL_H361,0
SG_HEL_H363,0
SG_HEL_H336,0
SHD7,0
SK-007,0
SK-008,0
SK-010,0
SK-011,0
SK-012,0
SK-013,0
SK-014,0
SG_HEL_H435,0
SL057,0
SM006,0
SM011,0
SM012,0
SM017,0
SM018,0
SM10-C23,0
SM11-C22,0
SM12-C20,0
SL040,0
SG_HEL_H439,0
SG_HEL_H443,0
SG_HEL_H448,0
SG_HEL_H450,0
SG_HEL_H455,0
SG_HEL_H464,0
SG_HEL_H469,0
SG_HEL_H483,0
SG_HEL_H486,0
SHD6,0
SG_HEL_H491,0
SG_HEL_H500,0
SG_HEL_H501,0
SG_HEL_H504,0
SHD1,0
SHD2,0
SHD3,0
SHD4,0
SHD5,0
SG_HEL_H489,0
SG_HEL_H193,0
SG_HEL_H194,0
SG_HEL_H195,0
SG_HEL_H198,0
SG_HEL_H199,0
SG_HEL_H203,0
SG_HEL_H209,0
SG_HEL_H213,0
SG_HEL_H314,0
SG_HEL_H217,0
SG_HEL_H220,0
SG_HEL_H222,0
SG_HEL_H226,0
SG_HEL_H227,0
SG_HEL_H229,0
SG_HEL_H230,0
SG_HEL_H231,0
SG_HEL_H234,0
SG_HEL_H214,0
SG_HEL_H152,0
SG_HEL_H153,0
SG_HEL_H156,0
SG_HEL_H158,0
SG_HEL_H15a,0
SG_HEL_H164,0
SG_HEL_H166,0
SG_HEL_H16a,0
SG_HEL_H171,0
SG_HEL_H191,0
SG_HEL_H174,0
SG_HEL_H176,0
SG_HEL_H178,0
SG_HEL_H180,0
SG_HEL_H181,0
SG_HEL_H182,0
SG_HEL_H185,0
SG_HEL_H188,0
SG_HEL_H189,0
SG_HEL_H172,0
SG_HEL_H277,0
SG_HEL_H281,0
SG_HEL_H283,0
SG_HEL_H285,0
SG_HEL_H288,0
SG_HEL_H289,0
SG_HEL_H290,0
SG_HEL_H291,0
SG_HEL_H237,0
SG_HEL_H294,0
SG_HEL_H295,0
SG_HEL_H298,0
SG_HEL_H299,0
SG_HEL_H301,0
SG_HEL_H303,0
SG_HEL_H304,0
SG_HEL_H308,0
SG_HEL_H313,0
SG_HEL_H292,0
SG_HEL_H239,0
SG_HEL_H241,0
SG_HEL_H242,0
SG_HEL_H245,0
SG_HEL_H248,0
SG_HEL_H249,0
SG_HEL_H253,0
SG_HEL_H254,0
SG_HEL_H257,0
SG_HEL_H276,0
SG_HEL_H261,0
SG_HEL_H262,0
SG_HEL_H266,0
SG_HEL_H269,0
SG_HEL_H270,0
SG_HEL_H271,0
SG_HEL_H273,0
SG_HEL_H274,0
SG_HEL_H275,0
SG_HEL_H258,0
992_993,0
993_994,0
994_995,0
995_996,0
996_997,0
997_998,0
998_999,0
999_1000,0
99_99,0
HC-506,0
9_Bashore,0
9_Pauli,0
9_Slysz_femoral,0
9_fetus,0
9_mother,0
A12,0
A13,0
A14-103,0
A15,0
A15-44,0
9_9,0
972_973,0
973_974,0
974_975,0
975_976,0
976_977,0
977_978,0
978_979,0
979_980,0
97_97,0
980_981,0
991_992,0
982_983,0
983_984,0
984_985,0
985_986,0
986_987,0
987_988,0
988_989,0
989_990,0
98_98,0
990_991,0
981_982,0
A55,0
A6,0
A61,0
A66_759B,0
A68_770C,0
AA220014,0
AA220534,0
AA220907,0
AAB,0
A16,0
AAE,0
AAF,0
AAP,0
AAQ,0
AAT,0
AAU,0
ABD,0
ABF,0
ABI,0
ABK,0
AAC,0
A1_healthy,0
A21,0
A23,0
A230245_Atlanta,0
A23_5566_Atlanta,0
A25,0
A2_non_inflamed,0
A30,0
A30 (398B),0
A33 (414C),0
A54,0
A35,0
A38 (432C),0
A39 (440C),0
A3_inflamed,0
A41,0
A42,0
A45,0
A46,0
A48,0
A51,0
A34 (417C),0
906_907,0
907_908,0
908_909,0
909_910,0
90_90,0
91,0
910_911,0
911_912,0
912_913,0
971_972,0
915_916,0
916_917,0
917_918,0
918_919,0
91_91,0
92,0
920_921,0
921_922,0
922_923,0
923_924,0
914_915,0
891_892,0
892_893,0
893_894,0
894_895,0
896_897,0
898_899,0
899_900,0
89_89,0
8_8,0
8_Bashore,0
905_906,0
8_Slysz_femoral,0
8_fetus,0
8_mother,0
9,0
90,0
900_901,0
901_902,0
902_903,0
903_904,0
904_905,0
8_Pauli,0
949_950,0
95,0
950_951,0
951_952,0
952_953,0
953_954,0
954_955,0
955_956,0
956_957,0
957_958,0
924_925,0
959_960,0
95_95,0
95a,0
960_961,0
961_962,0
962_963,0
968_969,0
969_970,0
96_96,0
970_971,0
958_959,0
926_927,0
927_928,0
929_930,0
92_92,0
930_931,0
932_933,0
933_934,0
934_935,0
935_936,0
937_938,0
947_948,0
939_940,0
93_93,0
94,0
940_941,0
941_942,0
942_943,0
943_944,0
944_945,0
945_946,0
946_947,0
938_939,0
Augsornworawat_NatCellBio_2023_GSM6571154_month12,0
B1_healthy,0
B2_non_inflamed,0
B3_inflamed,0
B44,0
BC17086-24_Tumor,0
BC17086-25_Tumor,0
BC258_Tumor,0
BCB112,0
ABM,0
BCB139,0
BCB20,0
BCB21,0
BCB66,0
BCB90,0
BCM_21_0933,0
BCM_21_0948,0
BCM_21_0999,0
BCM_21_3104,0
BCM_22_0047,0
BCB114,0
Aguilar_NatCommun_2022_C8,0
Aguilar_NatCommun_2022_C9,0
Ahl-22-P1_Y,0
Ahl-22-P3_Y,0
Ahl-22-P5_Y,0
Ainciburu2022_elderly1,0
Ainciburu2022_elderly2,0
Ainciburu2022_young1,0
Ainciburu2022_young2,0
Ainciburu2022_young3,0
Augsornworawat_NatCellBio_2023_GSM6571152_month6,0
Aizarani_Nat_2019_all,0
Atlanta_A230245,0
Augsornworawat_NatCellBio_2023_GSM5979665_scislet1,0
Augsornworawat_NatCellBio_2023_GSM5979667_scislet2,0
Augsornworawat_NatCellBio_2023_GSM5979673_week2,0
Augsornworawat_NatCellBio_2023_GSM5979675_week3,0
Augsornworawat_NatCellBio_2023_GSM5979677_week4,0
Augsornworawat_NatCellBio_2023_GSM5979683_txpscislet1,0
Augsornworawat_NatCellBio_2023_GSM5979685_txpscislet2,0
Augsornworawat_NatCellBio_2023_GSM5979687_txpscislet3,0
Ainciburu2022_young4,0
BCM_22_0896,0
BCM_22_0952,0
BCM_23_0131,0
BCM_23_0170,0
BCM_23_0222,0
BCM_23_0224,0
BCM_23_0229,0
BCM_23_0231,0
BCM_23_0313,0
BCM_23_0329,0
BCM_22_0075,0
BCM_23_0358,0
BCM_23_0362,0
BCM_23_0390,0
BCM_23_0416,0
BCM_23_0491,0
BCM_23_0574,0
BCM_23_0578,0
BCM_23_0596,0
BCM_23_0622,0
BCM_23_0792,0
BCM_23_0334,0
BCM_22_0101,0
BCM_22_0183,0
BCM_22_0200,0
BCM_22_0389,0
BCM_22_0395,0
BCM_22_0396,0
BCM_22_0434,0
BCM_22_0458,0
BCM_22_0485,0
BCM_22_0496,0
BCM_22_0890,0
BCM_22_0524,0
BCM_22_0528,0
BCM_22_0563,0
BCM_22_0688,0
BCM_22_0698,0
BCM_22_0769,0
BCM_22_0784,0
BCM_22_0849,0
BCM_22_0854,0
BCM_22_0867,0
BCM_22_0500,0
AF_donor_7,0
AH1,0
AH2,0
ALSP,0
AML1,0
AML116,0
AML127,0
AML183,0
AML3,0
Aguilar_NatCommun_2022_A1,0
AML327,0
AML334,0
AN1,0
AN11,0
AN12,0
AN13,0
AN14,0
AN2,0
AN3,0
AN5,0
AML314,0
ABN,0
ABV,0
ABZ,0
ACB,0
AD10_GM,0
AD1_GM,0
AD2_GM,0
AD3_GM,0
AD4_GM,0
AD5_GM,0
AF_donor_6,0
AD7_GM,0
AD8_GM,0
AD9_GM,0
AFES365,0
AFES448,0
AF_donor_1,0
AF_donor_2,0
AF_donor_3,0
AF_donor_4,0
AF_donor_5,0
AD6_GM,0
ARK1,0
ARK14,0
ARK15,0
ARK25,0
ARK28,0
ARK31,0
ARK33,0
ARK35,0
ARK5,0
AV10,0
AN6,0
AV14,0
AV3,0
Adams_Kaminski_2020_137CO,0
Adol1,0
Adol2,0
Adult1,0
Adult2,0
Aged1,0
Aged2,0
Aged3,0
AV13,0
AN7,0
AN9,0
AP1,0
AP10,0
AP11,0
AP12,0
AP13,0
AP14,0
AP2,0
AP3,0
APL224,0
AP5,0
AP6,0
AP7,0
AP8,0
AP9,0
APL124,0
APL142,0
APL147,0
APL218,0
APL223,0
AP4,0
683_684,0
684_685,0
685_686,0
686_687,0
687_688,0
688_689,0
689_690,0
68_68,0
69,0
890_891,0
691_692,0
692_693,0
693_694,0
694B,0
694_695,0
695_696,0
696_697,0
697_698,0
699_700,0
69_69,0
690_691,0
663_664,0
664_665,0
665_666,0
666_667,0
667_668,0
668_669,0
669_670,0
66_66,0
670_671,0
671_672,0
682_683,0
673_674,0
674_675,0
675_676,0
676_677,0
677_678,0
678_679,0
679_680,0
68,0
680_681,0
681_682,0
672_673,0
711_712,0
714_715,0
715_716,0
716_717,0
717_718,0
718_719,0
719I,0
719_720,0
71_71,0
720_721,0
6_6,0
722_723,0
723_724,0
724_725,0
725_726,0
726_727,0
727_728,0
729_730,0
72_72,0
73,0
730_731,0
721_722,0
6_Bashore,0
6_Chowdhury,0
6_Dib,0
6_Fernandez,0
6_Pauli,0
6_Slysz_femoral,0
6_fetus,0
6_mother,0
6m_thymus_donor,0
7,0
71,0
701_702,0
702_703,0
704_705,0
705_706,0
706_707,0
707_708,0
708_709,0
709_710,0
70_70,0
70b,0
700_701,0
609_610,0
60_60,0
610_611,0
611_612,0
612_613,0
613_614,0
614_615,0
615_616,0
616_617,0
663,0
617_618,0
618_619,0
619_620,0
61_61,0
62,0
620_621,0
621B,0
621_622,0
622_623,0
623_624,0
6173,0
595_596,0
596_597,0
5976,0
597_598,0
5981,0
598_599,0
599_600,0
5_Bashore,0
5_Chowdhury,0
5_Dib,0
608_609,0
5_Pauli,0
5_Slysz_femoral,0
60,0
600_601,0
602_603,0
603_604,0
604_605,0
605_606,0
606_607,0
607_608,0
5_Fernandez,0
645_646,0
646_647,0
647C,0
647_648,0
648_649,0
649_650,0
64_64,0
650_651,0
651_652,0
652_653,0
624_625,0
654_655,0
655_656,0
656_657,0
657_658,0
658_659,0
659_660,0
65_65,0
660_661,0
661_662,0
662_663,0
653_654,0
625_626,0
626_627,0
627_628,0
628_629,0
629_630,0
63,0
630_631,0
632_633,0
633_634,0
634_635,0
644_645,0
636_637,0
637C,0
637_638,0
638_639,0
639_640,0
63_63,0
64,0
640C,0
640_641,0
641_642,0
635_636,0
830_831,0
831_832,0
832_833,0
8330-iPS-8,0
834_835,0
835_836,0
836_837,0
838_839,0
839_840,0
731_732,0
840_841,0
842_843,0
843_844,0
845_846,0
846_847,0
847_848,0
848_849,0
849_850,0
84_84,0
850_851,0
83_83,0
809_810,0
80b,0
810_811,0
811_812,0
812_813,0
813_814,0
814,0
814_815,0
815_816,0
816_817,0
82_82,0
819_820,0
81_81,0
821_822,0
822_823,0
823_824,0
824_825,0
825_826,0
826_827,0
827_828,0
829_830,0
818_819,0
872,0
872_873,0
873_874,0
874_875,0
875_876,0
876_877,0
877_878,0
878_879,0
879_880,0
87_87,0
851_852,0
881_882,0
882_883,0
883_884,0
884_885,0
885_886,0
886_887,0
887_888,0
888_889,0
889_890,0
88_88,0
880_881,0
852_853,0
853_854,0
854_855,0
855_856,0
856_857,0
857_858,0
858_859,0
859_860,0
85_85,0
860_861,0
871_872,0
862_863,0
863_864,0
864_865,0
865_866,0
866_867,0
867_868,0
868_869,0
869_870,0
86_86,0
870_871,0
861_862,0
753_754,0
754_755,0
755_756,0
756_757,0
757_758,0
758_759,0
759B,0
759_760,0
75_75,0
808_809,0
760_761,0
761_762,0
762_763,0
764_765,0
765_766,0
766_767,0
767_768,0
769_770,0
76_76,0
770_771,0
76,0
732_733,0
733_734,0
734_735,0
735_736,0
736_737,0
737_738,0
738_739,0
739_740,0
74,0
740_741,0
752_753,0
743_744,0
744_745,0
745_746,0
746_747,0
747_748,0
748_749,0
749_750,0
75,0
750_751,0
751_752,0
742_743,0
796_797,0
797_798,0
798_799,0
799_800,0
79_79,0
7_7,0
7_Bashore,0
7_Chowdhury,0
7_Pauli,0
7_Slysz_femoral,0
771_772,0
7_mother,0
8,0
800_801,0
801_802,0
802_803,0
803_804,0
804_805,0
805_806,0
806_807,0
807_808,0
7_fetus,0
772_773,0
773_774,0
774_775,0
776_777,0
779,0
779_780,0
77_77,0
780_781,0
781_782,0
782_783,0
795_796,0
784_785,0
786_787,0
787_788,0
788_789,0
789_790,0
78_78,0
790_791,0
791_792,0
793_794,0
794_795,0
783_784,0
C59,0
C6,0
C60,0
C61,0
C63,0
C64,0
C66,0
C68,0
C69,0
BCM_23_0794,0
C70,0
C72,0
C82,0
C85,0
C88,0
C93,0
C96,0
C97,0
CASE_1,0
CASE_10,0
C7,0
C3N-03188,0
C3_inflamed,0
C4,0
C40,0
C41,0
C41_P3TLH,0
C42,0
C42_P4TLH,0
C43,0
C43_P5TLH,0
C58,0
C46,0
C48,0
C49,0
C5,0
C50,0
C51,0
C52,0
C53,0
C54,0
C56,0
C45,0
CASE_32,0
CASE_33,0
CASE_34,0
CASE_35,0
CASE_36,0
CASE_37,0
CASE_38,0
CASE_39,0
CASE_4,0
CASE_40,0
CASE_11,0
CASE_42,0
CASE_43,0
CASE_44,0
CASE_45,0
CASE_46,0
CASE_47,0
CASE_48,0
CASE_49,0
CASE_5,0
CASE_50,0
CASE_41,0
CASE_12,0
CASE_13,0
CASE_14,0
CASE_15,0
CASE_16,0
CASE_17,0
CASE_18,0
CASE_19,0
CASE_2,0
CASE_20,0
CASE_31,0
CASE_22,0
CASE_23,0
CASE_24,0
CASE_25,0
CASE_26,0
CASE_27,0
CASE_28,0
CASE_29,0
CASE_3,0
CASE_30,0
CASE_21,0
C166,0
C167,0
C168,0
C169,0
C170,0
C171,0
C172,0
C173,0
C19-CB-0001,0
C3N-03186,0
C19-CB-0003,0
C19-CB-0005,0
C19-CB-0008,0
C19-CB-0009,0
C19-CB-0011,0
C19-CB-0012,0
C19-CB-0013,0
C19-CB-0016,0
C19-CB-0020,0
C19-CB-0021,0
C19-CB-0002,0
C143,0
C144,0
C145,0
C146,0
C147,0
C149,0
C150,0
C151,0
C152,0
C153,0
C165,0
C155,0
C156,0
C157,0
C158,0
C159,0
C160,0
C161,0
C162,0
C163,0
C164,0
C154,0
C36,0
C37,0
C37_P1TLH,0
C39,0
C39_P2TLH,0
C3L-02705,0
C3L-03405,0
C3L-03968,0
C3N-00662,0
C3N-01334,0
C19-CB-0052,0
C3N-01814,0
C3N-01815,0
C3N-01816,0
C3N-02181,0
C3N-02188,0
C3N-02190,0
C3N-02769,0
C3N-02783,0
C3N-02784,0
C3N-03184,0
C3N-01798,0
C19-CB-0053,0
C19-CB-0198,0
C19-CB-0199,0
C19-CB-0204,0
C19-CB-0214,0
C1_healthy,0
C2,0
C25,0
C26,0
C29,0
C35,0
C2P05F,0
C2P07H,0
C2P10H,0
C2P13F,0
C2P15H,0
C2P16H,0
C2P19H,0
C2_non_inflamed,0
C3,0
C34,0
C2P01H,0
CH_10,0
CH_11,0
CH_12,0
CH_13,0
CH_14,0
CH_15,0
CH_16,0
CH_17,0
CH_18,0
CASE_51,0
CH_20,0
CH_22,0
CH_23,0
CO14,0
CO25,0
CO28,0
CO39,0
CONTROL,0
CONTROL2,0
CONTROL3,0
CH_19,0
CH-21-021,0
CH-21-028,0
CH-21-029,0
CH-21-031,0
CH-21-033,0
CH-21-034,0
CH-21-036,0
CH-21-037,0
CH-21-046,0
CH-21-073,0
CH_09,0
CH-21-077,0
CH-21-079,0
CH_01,0
CH_02,0
CH_03,0
CH_04,0
CH_05,0
CH_06,0
CH_07,0
CH_08,0
CH-21-074,0
COVID19_Participant2,0
COVID19_Participant20,0
COVID19_Participant21,0
COVID19_Participant22,0
COVID19_Participant23,0
COVID19_Participant25,0
COVID19_Participant26,0
COVID19_Participant27,0
COVID19_Participant28,0
COVID19_Participant29,0
CONTROL4,0
COVID19_Participant30,0
COVID19_Participant31,0
COVID19_Participant32,0
COVID19_Participant33,0
COVID19_Participant34,0
COVID19_Participant35,0
COVID19_Participant36,0
COVID19_Participant37,0
COVID19_Participant38,0
COVID19_Participant39,0
COVID19_Participant3,0
CONTROL5,0
CONTROL6,0
CONTROL7,0
CONTROL8,0
CONTROL9,0
COV-02-0002,0
COV-02-0010,0
COV-02-0094,0
COV-02-0096,0
COV022,0
COVID19_Participant19,0
COV027,0
COV028,0
COVID19_Participant10,0
COVID19_Participant11,0
COVID19_Participant12,0
COVID19_Participant13,0
COVID19_Participant14,0
COVID19_Participant15,0
COVID19_Participant17,0
COVID19_Participant18,0
COV026,0
CASE_72,0
CASE_73,0
CASE_8,0
CASE_9,0
CB-A04,0
CB-B45,0
CB-B61,0
CB-B84,0
CB-C53,0
CH-21-020,0
CB-D39,0
CB-E46,0
CB-F35,0
CB-F42,0
CB-F45,0
CB-G25,0
CB-G43,0
CB-H64,0
CB-H69,0
CB-H80,0
CB-C58,0
CASE_52,0
CASE_53,0
CASE_54,0
CASE_55,0
CASE_56,0
CASE_57,0
CASE_58,0
CASE_59,0
CASE_6,0
CASE_60,0
CASE_71,0
CASE_62,0
CASE_63,0
CASE_64,0
CASE_65,0
CASE_66,0
CASE_67,0
CASE_68,0
CASE_69,0
CASE_7,0
CASE_70,0
CASE_61,0
CB-U02,0
CB-U39,0
CB-U69,0
CB-V27,0
CB-X36,0
CB-Y27,0
CB-Z48,0
CB-Z78,0
CCHMC_SMG_Donor28,0
CCHMC_SMG_Donor29,0
CB-J15,0
CH-20-001,0
CH-20-002,0
CH-20-004,0
CH-20-005,0
CH-21-002,0
CH-21-006,0
CH-21-008,0
CH-21-013,0
CH-21-014,0
CH-21-017,0
CCHMC_SMG_Donor33,0
CB-K68,0
CB-L45,0
CB-M68,0
CB-N02,0
CB-N16,0
CB-N27,0
CB-O20,0
CB-O21,0
CB-O72,0
CB-O80,0
CB-S72,0
CB-P69,0
CB-Q04,0
CB-Q34,0
CB-Q37,0
CB-Q68,0
CB-R32,0
CB-S00,0
CB-S05,0
CB-S12,0
CB-S44,0
CB-P05,0
BR1030,0
BR1031,0
BR1032,0
BR1033,0
BR1035,0
BR1037,0
BR1040,0
BR1041,0
BR1042,0
C142,0
BR1044,0
BR1045,0
BR1047,0
BR1048,0
BR1049,0
BR1050,0
BR1051,0
BR1052,0
BR1054,0
BR1056,0
BR1043,0
BR1005,0
BR1006,0
BR1007,0
BR1008,0
BR1009,0
BR1010,0
BR1011,0
BR1012,0
BR1013,0
BR1014,0
BR1029,0
BR1016,0
BR1017,0
BR1018,0
BR1019,0
BR1021,0
BR1023,0
BR1024,0
BR1025,0
BR1026,0
BR1028,0
BR1015,0
BR2026,0
BR2027,0
BR2028,0
BR2029,0
BR2030,0
BR2031,0
BR2032,0
BR2033,0
BR2034,0
BR2035,0
BR1057,0
BR2037,0
BR2038,0
BR2039,0
BR2040,0
BR2041,0
BR2042,0
BR2043,0
BR2044,0
BR2045,0
BR2046,0
BR2036,0
BR1058,0
BR1059,0
BR2002,0
BR2003,0
BR2004,0
BR2005,0
BR2008,0
BR2009,0
BR2010,0
BR2012,0
BR2025,0
BR2014,0
BR2015,0
BR2016,0
BR2018,0
BR2019,0
BR2020,0
BR2021,0
BR2022,0
BR2023,0
BR2024,0
BR2013,0
BCM_24_0215,0
BCM_24_0247,0
BCM_24_0306,0
BCM_24_0352,0
BCM_24_0429,0
BCP2,0
BCP3,0
BCP4,0
BCP5,0
BR1004,0
BCP8,0
BCP9,0
BH1864,0
BH1878,0
BH1928,0
BM01,0
BM02,0
BM03,0
BM04,0
BM05,0
BCP6,0
BCM_23_1080,0
BCM_23_1169,0
BCM_23_1170,0
BCM_23_1213,0
BCM_23_1247,0
BCM_23_1340,0
BCM_23_1401,0
BCM_23_1430,0
BCM_23_1448,0
BCM_23_1467,0
BCM_24_0175,0
BCM_23_1517,0
BCM_23_1518,0
BCM_23_1535,0
BCM_23_1553,0
BCM_23_1556,0
BCM_24_0010,0
BCM_24_0013,0
BCM_24_0021,0
BCM_24_0080,0
BCM_24_0158,0
BCM_23_1502,0
BN773,0
BN774,0
BN775,0
BN776,0
BN788,0
BN790,0
BN791,0
BP1,0
BP2,0
BP3,0
BM06,0
BPH283,0
BPH327,0
BPH340,0
BPH342,0
BPH389,0
BPH511,0
BPH556,0
BR1001,0
BR1002,0
BR1003,0
BP4,0
BM07,0
BM08,0
BM1,0
BM10,0
BM11,0
BM12,0
BM13,0
BM150,0
BM152,0
BM156,0
BN772,0
BM158,0
BM16,0
BM165,0
BM168,0
BM169,0
BM17,0
BM19,0
BM2,0
BM3,0
BN771,0
BM157,0
C-8905,0
C-8909,0
C-8910,0
C-8912,0
C-8913,0
C-8914,0
C-8915,0
C-8918,0
C-8921,0
BR2047,0
C-8923,0
C-8926,0
C-8927,0
C-8928,0
C-8929,0
C-8930,0
C-8931,0
C-8933,0
C-8934,0
C-8935,0
C-8922,0
C-8823,0
C-8825,0
C-8826,0
C-8827,0
C-8828,0
C-8829,0
C-8882,0
C-8883,0
C-8884,0
C-8885,0
C-8903,0
C-8887,0
C-8890,0
C-8892,0
C-8893,0
C-8895,0
C-8896,0
C-8897,0
C-8898,0
C-8899,0
C-8902,0
C-8886,0
C114,0
C115,0
C116,0
C118,0
C119,0
C122,0
C123,0
C124,0
C125,0
C126,0
C-8936,0
C130,0
C132,0
C133,0
C134,0
C135,0
C136,0
C137,0
C138,0
C139,0
C140,0
C129,0
C-8937,0
C-8938,0
C-8939,0
C-8940,0
C-8941,0
C-8942,0
C-8943,0
C-8944,0
C-8946,0
C1,0
C113,0
C102,0
C103,0
C104,0
C105,0
C106,0
C107,0
C109,0
C110,0
C111,0
C112,0
C1-iPSC-2,0
BRC2147,0
BRC2191,0
BRC2218,0
BRC2222,0
BRC2225,0
BRC2226,0
BRC2227,0
BRC2243,0
BRC2251,0
C-8822,0
BRC2256,0
BRC2258,0
BRC2259,0
BRC2260,0
BRC2262,0
BRC2263,0
BRC2301,0
BRC2329,0
BRC2330,0
BT333,0
BRC2252,0
BR2048,0
BR2050,0
BR2051,0
BR2052,0
BR2053,0
BRC2006,0
BRC2021,0
BRC2026,0
BRC2029,0
BRC2043,0
BRC2134,0
BRC2049,0
BRC2057,0
BRC2061,0
BRC2073,0
BRC2106A,0
BRC2110,0
BRC2114,0
BRC2119,0
BRC2121,0
BRC2133,0
BRC2046,0
Bil-22-H04,0
Bil-22-H05,0
Bil-22-H06,0
Bil-22-H07,0
Bil-22-H08,0
Bil-22-H09,0
Bil-22-H10,0
Bil-22-H12,0
Bil-22-H13,0
Bil-22-H14,0
BT346,0
Blutt_LiverPhys_2021_GSM5075992_HLO2,0
Blutt_LiverPhys_2021_GSM5075993_HLO3,0
Boo-21-HC01,0
Boo-21-HC02,0
Boo-21-HC03,0
Bur-22-HC 1,0
Bur-22-HC 2,0
C-8816,0
C-8820,0
C-8821,0
Blutt_LiverPhys_2021_GSM5075991_HLO1,0
BT363,0
BT364,0
BT368,0
BT389,0
BT390,0
BT397,0
BT402,0
BT407,0
BT409,0
BT_S1,0
Bil-22-H03,0
BT_S4,0
BT_S6,0
BU,0
Bein_FPhar_2021_all,0
Beumer_CellRep_2022_all,0
Beumer_Cell_2020_Col,0
Beumer_Cell_2020_Duo,0
Beumer_Cell_2020_Ile,0
Bil-22-H01,0
Bil-22-H02,0
BT_S2,0
158108,0
158160,0
1582,0
1584,0
1586,0
1588,0
158891,0
158_158,0
1596,0
5958,0
159_159,0
15_12,0
15_15,0
15_17,0
15_Bashore,0
15organ,0
1600,0
1602,0
160_160,0
161,0
1597,0
15208,0
15209,0
15210,0
1522,0
15232,0
152638,0
15293,0
152_152,0
1535,0
15357,0
157844,0
1543,0
1545,0
1547,0
154787,0
154_154,0
1558,0
155_155,0
1567,0
1569,0
156_156,0
153_153,0
166_167,0
1672,0
167_168,0
1680,0
168051,0
1681,0
1682,0
168_169,0
169_170,0
16_16,0
1614,0
16_23,0
16_24,0
16_25,0
16_Bashore,0
17-010,0
17-011,0
1702,0
1708,0
170_171,0
171336,0
16_18,0
1615,0
161_161,0
1621,0
1623,0
163-6,0
1633,0
163_163,0
164-1,0
164-5,0
164-7,0
1667,0
1641,0
164969,0
164_165,0
165-10,0
165-7,0
165697,0
165_166,0
1660,0
166301,0
1666,0
164-8,0
139073,0
13928,0
13934,0
13949,0
139892,0
139_139,0
13_13,0
13_Bashore,0
14,0
15205,0
1404,0
14068,0
140_140,0
14104,0
1414,0
14143,0
14144,0
1417,0
1418,0
1419,0
140,0
1334,0
1337,0
13374,0
13377,0
13378,0
13379,0
1338,0
133_133,0
1340,0
1341,0
138_138,0
134764,0
134_134,0
13518,0
1366,0
1368,0
137,0
137_137,0
13802,0
13846,0
13855,0
134300,0
1480,0
14823,0
14849,0
148519,0
148824,0
148_148,0
1492,0
1493,0
14954,0
1496,0
141_141,0
14_Bashore,0
15057,0
150_150,0
1510,0
1514,0
15176,0
15183,0
15184,0
15192,0
151_151,0
149_149,0
1420,0
14201,0
14278,0
142_142,0
14327,0
144,0
14409,0
1443,0
1445,0
14471,0
147_147,0
145,0
1452,0
1453,0
145_145,0
146,0
14613,0
14615,0
146_146,0
1472,0
1479,0
144_144,0
1_2_Slysz,0
1_Alsaigh,0
1_Chowdhury,0
1_Dib,0
1_Emoto_ACS,0
1_Fernandez,0
1_Jaiswal,0
1_Pan,0
1_Wirka,0
1716,0
2/1,0
20,0
200,0
2000,0
2001,0
2002,0
2003,0
2004,0
2006,0
2007,0
2/0,0
1947,0
194_195,0
195045,0
1958,0
1961,0
1963,0
196_197,0
197396,0
197_198,0
198,0
1_2_3_Slysz_femoral,0
199129,0
199_200,0
19D013,0
19D014,0
19D015,0
19D016,0
19_19,0
19_Bashore,0
1C41i,0
1_1,0
198_199,0
2020-3173-NC005,0
2020-3173-NC006,0
2020-3173-NC007,0
2020-3173-NC008,0
2021,0
2023,0
2024,0
2025,0
2026,0
2027,0
2008,0
2029,0
202_203,0
2030,0
2031,0
2033,0
2034,0
2035,0
2036,0
2037,0
2038,0
2028,0
2008267,0
2009,0
200978,0
200_201,0
2010,0
2011,0
2012,0
2012220,0
2012258,0
2013,0
2020-3173-NC004,0
2015,0
2016,0
2017,0
2018,0
2019,0
201_202,0
202,0
2020,0
2020-3173-NC002,0
2020-3173-NC003,0
2014,0
176_177,0
1771,0
1772,0
1775,0
177_178,0
1785,0
178961,0
178_179,0
1791,0
1941,0
1799,0
179_180,0
17D013,0
17_17,0
17_Bashore,0
18,0
18-142,0
18-162,0
18-312,0
180,0
1798,0
171_172,0
1721,0
1723,0
172428,0
1726,0
172_173,0
1730,0
1731,0
1737,0
1738,0
1768,0
1741,0
1743,0
174364,0
175041,0
1754,0
175_176,0
1760,0
176196,0
1763,0
1767,0
173_174,0
1886,0
1888,0
188_189,0
1891,0
1892,0
189696,0
189_190,0
18_18,0
18_Bashore,0
19,0
1804,0
19-D008,0
19-D009,0
1909,0
190_191,0
191305,0
191_192,0
1928,0
192985,0
192_193,0
193_194,0
19-D005,0
180749,0
180844,0
180_181,0
1811,0
1815,0
181_182,0
182231,0
1823,0
1827,0
1829,0
1881,0
183146,0
183_184,0
184,0
1848,0
184_185,0
1857,0
185_186,0
1864,0
186_187,0
187_188,0
182_183,0
1054,0
105446,0
1054_1055,0
1055,0
105598,0
1055_1056,0
1056,0
1056_1057,0
1057_1058,0
13334,0
1059_1060,0
105_105,0
1060_1061,0
1061,0
1061_1062,0
106265,0
1062_1063,0
1063,0
1063_1064,0
1064,0
1058_1059,0
1043,0
1043_1044,0
1044,0
1044_1045,0
1045,0
1045_1046,0
1046,0
104689,0
1046_1047,0
1047,0
1053_1054,0
1048_1049,0
1049_1050,0
104_104,0
1050,0
1050_1051,0
1051,0
1051_1052,0
1052,0
1052_1053,0
1053,0
1047_1048,0
1078,0
1078_1079,0
1079,0
1079_1080,0
107_107,0
108,0
1080,0
1080_1081,0
1081,0
1081_1082,0
1064_1065,0
1085,0
1086,0
1087,0
1088,0
1089,0
108_108,0
1090,0
1091,0
109373,0
109389,0
1083,0
1065_1066,0
1066_1067,0
1067,0
1068,0
1068_1069,0
1069,0
106_106,0
1070_1071,0
1071,0
1071_1072,0
1077_1078,0
1072_1073,0
107306,0
1073_1074,0
1074,0
1074_1075,0
1075,0
1075_1076,0
1076,0
1076_1077,0
1077,0
1072,0
1007_1008,0
1008,0
1008_1009,0
1009_1010,0
1010,0
1010_1011,0
1011,0
1011_1012,0
1012_1013,0
1042_1043,0
1014_1015,0
1015,0
1015_1016,0
1016,0
101694,0
1016_1017,0
1017,0
1018,0
1018_1019,0
1019,0
1014,0
ureter_donor_4,0
03_09,0
znZv1,0
#105,0
#138,0
#215,0
#60,0
0,0
0/1,0
0/2,0
1007,0
0090,0
0104,0
0114,0
ureter_donor_5,0
ureter_donor_6,0
ureter_donor_7,0
ureter_donor_8,0
ureter_donor_9,0
1006_1007,0
0120,0
0001,0
103,0
1030_1031,0
1031,0
1031_1032,0
1032,0
1032_1033,0
1033_1034,0
1034,0
1034_1035,0
1035,0
1019_1020,0
1036_1037,0
1037_1038,0
1038_1039,0
1039,0
1039_1040,0
1040_1041,0
1041,0
104152,0
1041_1042,0
1042,0
1035_1036,0
101_101,0
1020,0
1020_1021,0
1021,0
102141,0
1021_1022,0
1022,0
1022_1023,0
1023,0
1023_1024,0
102a,0
1024_1025,0
1025,0
1025_1026,0
1026_1027,0
1027,0
1027_1028,0
1028,0
1028_1029,0
1029_1030,0
102_102,0
1024,0
121881,0
1219,0
121_121,0
1221,0
1222,0
1225,0
1226,0
122_122,0
123,0
1094,0
123_123,0
124,0
1240,0
124246,0
1243,0
1248,0
1249,0
124_124,0
124a,0
1250,0
1234,0
11858,0
1191,0
11921,0
1193,0
11930,0
11942,0
1195,0
119540,0
1196,0
1197,0
1216,0
11_11,0
11_Bashore,0
11_Chowdhury,0
11_fetus,0
11_mother,0
11a,0
12,0
1203,0
120974,0
120_120,0
119_119,0
129_129,0
12_12,0
12_Bashore,0
12_Chowdhury,0
12_fetus,0
12_mother,0
130064,0
130084,0
13019,0
130_130,0
1251,0
131_131,0
1320,0
13237,0
1324,0
1325,0
1326,0
13260,0
1329,0
132_132,0
1333,0
1315,0
1256,0
1259,0
125985,0
125_125,0
125a,0
126,0
1262,0
126_126,0
1270,0
127643,0
1297,0
1279,0
127_127,0
1281,0
128208,0
128346,0
128400,0
1285,0
128624,0
128_128,0
1294,0
127693,0
1108,0
110814,0
1108147,0
1109,0
110_110,0
111,0
1110,0
1111,0
1112,0
117_117,0
1118,0
1119,0
111_111,0
112,0
1120,0
1121,0
1122,0
1123,0
1124,0
1125,0
1117,0
1096,0
1098,0
109829,0
1099,0
109_109,0
10_10,0
10_Bashore,0
10_Chowdhury,0
10_fetus,0
10_mother,0
1107,0
110,0
1100,0
1101,0
1102,0
110204,0
110216,0
1103,0
1104,0
1105,0
1106,0
11,0
1150,0
1151,0
1152,0
115208,0
1153,0
1154,0
1155,0
1156,0
1157,0
1158,0
1126,0
116,0
1162,0
1163,0
1164,0
1165,0
1167,0
1168,0
116_116,0
117,0
117351,0
1159,0
1127,0
1129,0
112_112,0
1130,0
1131,0
1132,0
1133,0
113_113,0
114,0
1140,0
115,0
1142,0
1143,0
1144,0
1146,0
1147,0
1148,0
1149,0
114902,0
114_114,0
114a,0
1141,0
4369,0
436_437,0
437_438,0
4389,0
438_439,0
4396,0
439_440,0
43_43,0
44,0
2039,0
4426,0
442_443,0
443_444,0
445_446,0
446_447,0
447_448,0
448_449,0
449_450,0
44_44,0
45,0
441_442,0
421_422,0
422_423,0
423C,0
423_424,0
424_425,0
425_426,0
4263,0
426_427,0
427_428,0
4283,0
435_436,0
428_429,0
429_430,0
42_42,0
431_432,0
432_433,0
4332,0
433_434,0
4341,0
434_435,0
4350,0
428C,0
4670,0
467_468,0
468_469,0
469_470,0
46_46,0
470BR,0
470_471,0
471_472,0
472_473,0
473_474,0
450_451,0
475_476,0
476_477,0
4775,0
477_478,0
478_479,0
479_480,0
47_47,0
480_481,0
481_482,0
482_483,0
474_475,0
451_452,0
452_453,0
453_454,0
454_455,0
455_456,0
4560,0
4568,0
456_457,0
457_458,0
458_459,0
466_467,0
45_45,0
46,0
460_461,0
461_462,0
462_463,0
4634,0
463_464,0
464C,0
464_465,0
465_466,0
459_460,0
382_383,0
383_384,0
384_385,0
385_386,0
386_387,0
3873,0
387_388,0
3887,0
388_389,0
420_421,0
38_38,0
39,0
390_391,0
390c,0
391_392,0
392_393,0
393_394,0
394_395,0
395_396,0
396_397,0
389_390,0
365_366,0
366,0
366_367,0
367,0
367_368,0
368_369,0
369_370,0
36_36,0
370,0
370_371,0
381_382,0
372_373,0
373_374,0
374_375,0
376_377,0
377_378,0
378_379,0
379_380,0
37_37,0
3805,0
380_381,0
371_372,0
408_409,0
409B2,0
409_410,0
40_40,0
41,0
410_411,0
411C,0
411_412,0
412C,0
412_413,0
398B,0
414C,0
414_415,0
415_416,0
416_417,0
417_418,0
417c,0
418_419,0
419_420,0
41_41,0
42,0
413_414,0
398_399,0
399_400,0
39_39,0
3A_Fernandez,0
3_3,0
3_Alsaigh,0
3_Chowdhury,0
3_Dib,0
3_Fernandez,0
3_Pan,0
407_408,0
3_Slysz,0
3_Wirka,0
3u5kk,0
400_401,0
402_403,0
403C,0
403_404,0
404_405,0
405_406,0
406_407,0
3_Pauli,0
5538,0
553_554,0
5546,0
554_555,0
5554,0
555_556,0
5577,0
557_558,0
558_559,0
483_484,0
55_55,0
56,0
5608,0
5609,0
560_561,0
5610,0
561_562,0
562_563,0
563_564,0
564_565,0
559_560,0
5408,0
540_541,0
541_542,0
542_543,0
543_544,0
544_545,0
545_546,0
546_547,0
5478STDY7652318,0
5478STDY7717491,0
552_553,0
5478STDY7935101,0
5478STDY7935102,0
5478STDY7980348,0
5478STDY7980349,0
547_548,0
548_549,0
549_550,0
54_54,0
550_551,0
551_552,0
5478STDY7717492,0
581_582,0
582C,0
582_583,0
583_584,0
584_585,0
585_586,0
586_587,0
5879,0
587_588,0
588_589,0
565_566,0
589_590,0
58_58,0
59,0
5900,0
590_591,0
591_592,0
592_593,0
5936,0
593_594,0
594_595,0
5893,0
566B,0
566_567,0
5679,0
567_568,0
569_570,0
56_56,0
57,0
570_571,0
571_572,0
572_573,0
580_581,0
573_574,0
574_575,0
575_576,0
576_577,0
577_578,0
5787,0
578_579,0
579_580,0
57_57,0
58,0
5730,0
49_49,0
4_4,0
4_Bashore,0
4_Chowdhury,0
4_Dib,0
4_Fernandez,0
4_Pauli,0
4_Slysz,0
4_Slysz_femoral,0
53_53,0
50,0
500C,0
500_501,0
501_502,0
502B,0
502_503,0
503_504,0
504_505,0
505_506,0
506_507,0
4_Wirka,0
484_485,0
485_486,0
486_487,0
487_488,0
488_489,0
489_490,0
48_48,0
49,0
490_491,0
491_492,0
499_500,0
493_494,0
4942,0
494_495,0
4956,0
496_497,0
497_498,0
49819 Maryl_121,0
49844 Maryl_774,0
498_499,0
49910 Maryl_779,0
492_493,0
527_528,0
528_529,0
529C,0
529_530,0
52_52,0
530_531,0
531_532,0
532_533,0
533_534,0
534_535,0
507_508,0
536_537,0
537_538,0
5386STDY7537944,0
5386STDY7557335,0
5386STDY7557336,0
5386STDY7557337,0
5387,0
538_539,0
5391,0
539_540,0
535_536,0
508_509,0
509_510,0
50_50,0
510_511,0
511_512,0
512_513,0
513_514,0
514_515,0
515_516,0
5163,0
526_527,0
517_518,0
519_520,0
51_51,0
52,0
520_521,0
521_522,0
522_523,0
5242,0
524_525,0
525_526,0
516_517,0
229_230,0
23,0
230_231,0
231_232,0
232_233,0
233_234,0
236_237,0
237,0
237_238,0
364_365,0
238_239,0
239_240,0
23_23,0
24,0
240_241,0
240day donor,0
241_242,0
242_243,0
243_244,0
244C,0
238,0
2132,0
2133,0
2134,0
2135,0
213_214,0
2142,0
214_215,0
215_216,0
217_218,0
218,0
226_227,0
219_220,0
21_Bashore,0
21wpc donor,0
220_221,0
221,0
221_222,0
222_223,0
223_224,0
224_225,0
225_226,0
219,0
262_263,0
263_264,0
264_265,0
266_267,0
267_268,0
269_270,0
27-10043,0
27-10074,0
27-10088,0
27-10089,0
244_245,0
27-10104,0
270_271,0
271_272,0
27234,0
272_273,0
273_274,0
274_275,0
27588,0
275_276,0
276_277,0
27-10094,0
245_246,0
246Z,0
246_247,0
247_248,0
248_249,0
24_24,0
250_251,0
251_252,0
252_253,0
2544,0
260_261,0
2561,0
2569,0
256_257,0
257T,0
257_258,0
258_259,0
259,0
259_260,0
25_25,0
26,0
255_256,0
2061,0
2062,0
2063,0
2064,0
2065,0
2066,0
2067,0
2068,0
2069,0
212_213,0
2070,0
2071,0
2072,0
2073,0
2074,0
2075,0
2077,0
2078,0
2079,0
207_208,0
206_207,0
203_204,0
204,0
2040,0
2041,0
2042,0
2043,0
2044,0
2045,0
2046,0
2048,0
2060,0
204_205,0
2050,0
2052,0
2053,0
2055,0
2056,0
2057,0
2058,0
2059,0
206,0
2049,0
2100,0
2101,0
2103,0
2104,0
2105,0
2106,0
2107,0
2109,0
210_211,0
2110,0
2080,0
2112,0
2113,0
2114,0
2115,0
2116,0
2117,0
2118,0
2119,0
211_212,0
2121,0
2111,0
2081,0
2082,0
2083,0
2084,0
2085,0
2086,0
2087,0
2088,0
2089,0
208_209,0
20_Bashore,0
2091,0
2092,0
2093,0
2094,0
2095,0
2096,0
2097,0
2098,0
2099,0
209_210,0
2090,0
3313,0
331_332,0
3322,0
332_333,0
333_334,0
3345,0
3346,0
334_335,0
3350,0
278_279,0
335_336,0
336,0
336_337,0
337C,0
337_338,0
3382,0
3384,0
3387,0
338_339,0
3399,0
3357,0
32,0
32-10205,0
32-10333,0
32-2,0
320_321,0
321_322,0
322_323,0
323_324,0
324_325,0
325,0
330_331,0
325_326,0
326_327,0
327_328,0
3282,0
328C,0
328_329,0
3295,0
3298,0
329_330,0
33,0
325C,0
3504,0
350_351,0
351_352,0
352_353,0
3535,0
353_354,0
3543,0
354_355,0
355_356,0
356_357,0
339C,0
358_359,0
3593,0
359_360,0
35_35,0
3603,0
360_361,0
3613,0
361_362,0
362C,0
363_364,0
357_358,0
339_340,0
33_33,0
34,0
34-10209,0
340_341,0
3427,0
342_343,0
3431,0
344_345,0
345,0
35,0
346_347,0
3477,0
3479,0
347_348,0
3482,0
3487,0
348_349,0
3490,0
3499,0
349_350,0
345_346,0
29-10401,0
290_291,0
290b,0
291_292,0
292_293,0
293_294,0
294_295,0
295_296,0
296_297,0
319_320,0
298_299,0
298c,0
299_300,0
29_29,0
2_2,0
2_Alsaigh,0
2_Chowdhury,0
2_Dib,0
2_Emoto_SAP,0
2_Fernandez,0
297_298,0
279_280,0
27_27,0
28-10051,0
28-10109,0
28-12178,0
28-12510,0
280_281,0
281_282,0
282_283,0
283P,0
29-10393,0
284_285,0
286_287,0
287_288,0
288_289,0
289_290,0
28_28,0
28c,0
29,0
29-10276,0
29-10277,0
283_284,0
31-10006,0
31-10061,0
31-10063,0
31-10081,0
31-10091,0
31-10105,0
31-10177,0
310,0
310_311,0
311,0
2_Jaiswal,0
312_313,0
313_314,0
314_315,0
315,0
315_316,0
316_317,0
317_318,0
318,0
3182,0
318_319,0
311_312,0
2_Pan,0
2_Pauli,0
2_Wirka,0
30,0
30-10044,0
30-10631,0
301,0
301_302,0
302_303,0
302c,0
31,0
304,0
304_305,0
305_306,0
306_307,0
307_308,0
308,0
308_309,0
309,0
309_310,0
30_30,0
303_304,0
Donor_956,0
Donor_957,0
Donor_958,0
Donor_959,0
Donor_96,0
Donor_960,0
Donor_961,0
Donor_962,0
Donor_963,0
COVID19_Participant4,0
Donor_965,0
Donor_966,0
Donor_967,0
Donor_968,0
Donor_969,0
Donor_97,0
Donor_970,0
Donor_971,0
Donor_972,0
Donor_973,0
Donor_964,0
Donor_936,0
Donor_937,0
Donor_938,0
Donor_939,0
Donor_94,0
Donor_940,0
Donor_941,0
Donor_942,0
Donor_943,0
Donor_944,0
Donor_955,0
Donor_946,0
Donor_947,0
Donor_948,0
Donor_949,0
Donor_95,0
Donor_950,0
Donor_951,0
Donor_952,0
Donor_953,0
Donor_954,0
Donor_945,0
Donor_995,0
Donor_996,0
Donor_997,0
Donor_998,0
Donor_999,0
DuranteUVM_BSSR0022,0
DuranteUVM_UMM041L,0
DuranteUVM_UMM059,0
DuranteUVM_UMM061,0
DuranteUVM_UMM062,0
Donor_974,0
DuranteUVM_UMM064,0
DuranteUVM_UMM065,0
DuranteUVM_UMM066,0
DuranteUVM_UMM067L,0
DuranteUVM_UMM069,0
E1,0
E10,0
E100,0
E2,0
E3,0
DuranteUVM_UMM063,0
Donor_975,0
Donor_976,0
Donor_977,0
Donor_978,0
Donor_979,0
Donor_98,0
Donor_980,0
Donor_981,0
Donor_982,0
Donor_983,0
Donor_994,0
Donor_985,0
Donor_986,0
Donor_987,0
Donor_988,0
Donor_989,0
Donor_99,0
Donor_990,0
Donor_991,0
Donor_992,0
Donor_993,0
Donor_984,0
Donor_878,0
Donor_879,0
Donor_88,0
Donor_880,0
Donor_881,0
Donor_882,0
Donor_883,0
Donor_884,0
Donor_885,0
Donor_935,0
Donor_887,0
Donor_888,0
Donor_889,0
Donor_89,0
Donor_890,0
Donor_891,0
Donor_892,0
Donor_893,0
Donor_894,0
Donor_895,0
Donor_886,0
Donor_858,0
Donor_859,0
Donor_86,0
Donor_860,0
Donor_861,0
Donor_862,0
Donor_863,0
Donor_864,0
Donor_865,0
Donor_866,0
Donor_877,0
Donor_868,0
Donor_869,0
Donor_87,0
Donor_870,0
Donor_871,0
Donor_872,0
Donor_873,0
Donor_874,0
Donor_875,0
Donor_876,0
Donor_867,0
Donor_916,0
Donor_917,0
Donor_918,0
Donor_919,0
Donor_92,0
Donor_920,0
Donor_921,0
Donor_922,0
Donor_923,0
Donor_924,0
Donor_896,0
Donor_926,0
Donor_927,0
Donor_928,0
Donor_929,0
Donor_93,0
Donor_930,0
Donor_931,0
Donor_932,0
Donor_933,0
Donor_934,0
Donor_925,0
Donor_897,0
Donor_898,0
Donor_899,0
Donor_9,0
Donor_90,0
Donor_900,0
Donor_901,0
Donor_902,0
Donor_903,0
Donor_904,0
Donor_915,0
Donor_906,0
Donor_907,0
Donor_908,0
Donor_909,0
Donor_91,0
Donor_910,0
Donor_911,0
Donor_912,0
Donor_913,0
Donor_914,0
Donor_905,0
Fetal_Donor6_14w5d,0
Fetal_Donor7_16w4d,0
Fetal_Donor9_20w1d,0
Fetus11_12w4d,0
Fetus12_13w0d,0
Fetus1_17w1d,0
Fetus2_22w6d,0
Fetus5_16w1d,0
Fetus6_18w2d,0
E37,0
Fetus8_21w5d,0
Fiaj,0
Fiorenzano_culture,0
Five,0
Flu 1,0
Flu 2,0
Flu 3,0
Flu 4,0
Flu 5,0
Fujii_CellStemCell_2018_hSMO_IF,0
Fetus7_19w5d,0
FLARE001,0
FLARE004,0
FLARE005,0
FLARE006,0
FLARE007,0
FLARE009,0
FLARE010,0
FLARE011,0
FLARE013,0
FLARE014,0
Fetal_Donor5_14w2d,0
FLARE016,0
FLARE017,0
FLARE020,0
FallopianTube,0
Fetal_17w1d,0
Fetal_Donor12_23w4d,0
Fetal_Donor1_10w,0
Fetal_Donor2_11w2d,0
Fetal_Donor3_12w3d,0
Fetal_Donor4_13w,0
FLARE015,0
G523,0
G549,0
G566,0
G583,0
G620,0
G637,0
G729,0
G797,0
G799,0
G837,0
Fujii_CellStemCell_2018_hSMO_SB,0
G910,0
G945,0
G946,0
G967,0
G983,0
GBB1807,0
GBM1,0
GBM2,0
GBM3,0
GBM4,0
G851,0
G05061,0
G05064,0
G05073,0
G05077,0
G05078,0
G05092,0
G05097,0
G05105,0
G05112,0
G05145,0
G210,0
G05164,0
G05171,0
G1003,0
G120,0
G129,0
G133,0
G150,0
G159,0
G171,0
G187,0
G05153,0
Elmentaite_DevCell_2020_p17_p172039,0
Elmentaite_DevCell_2020_p1_TIp12038,0
Elmentaite_DevCell_2020_p1_TIp12039,0
F100,0
F122,0
F123,0
F126,0
F133,0
F19,0
FL-078,0
F22,0
F23,0
F29,0
F30,0
F32,0
F33,0
F34,0
F37,0
F49b7_donor,0
F50,0
F21,0
E39,0
E99,0
ECAPS 1017,0
ECAPS 1027,0
ECAPS 1059,0
ECAPS 1061,0
ECAPS 1067,0
ECAPS 1069,0
ECAPS 1072,0
ECAPS 1074,0
Elmentaite_DevCell_2020_p17_p172038,0
ECAPS 1079,0
ECAPS 1082,0
ECAPS 1085,0
EMC011,0
EMC013,0
EMC014,0
EaFet1,0
EaFet2,0
Elmentaite_DevCell_2020_WNT3Aneg_2206_p2_RSPO,0
Elmentaite_DevCell_2020_WNT3Apos_2206_p2_WNT3A,0
ECAPS 1076,0
FCAImmP7536758,0
FCAImmP7536759,0
FL-005,0
FL-012,0
FL-013,0
FL-025,0
FL-029,0
FL-030,0
FL-031,0
FL-032,0
F51,0
FL-039,0
FL-044,0
FL-045,0
FL-051,0
FL-060,0
FL-062,0
FL-063,0
FL-066,0
FL-068,0
FL-074,0
FL-035,0
F61,0
F64,0
F66,0
F67,0
F69,0
F71,0
F72,0
F73,0
F74,0
F78,0
F99,0
F83,0
F84,0
F86,0
F87,0
F88,0
F89,0
F91,0
F93,0
F94,0
F96,0
F81,0
Donor_642,0
Donor_643,0
Donor_644,0
Donor_645,0
Donor_646,0
Donor_647,0
Donor_648,0
Donor_649,0
Donor_65,0
Donor_857,0
Donor_651,0
Donor_652,0
Donor_653,0
Donor_654,0
Donor_655,0
Donor_656,0
Donor_657,0
Donor_658,0
Donor_659,0
Donor_66,0
Donor_650,0
Donor_622,0
Donor_623,0
Donor_624,0
Donor_625,0
Donor_626,0
Donor_627,0
Donor_628,0
Donor_629,0
Donor_63,0
Donor_630,0
Donor_641,0
Donor_632,0
Donor_633,0
Donor_634,0
Donor_635,0
Donor_636,0
Donor_637,0
Donor_638,0
Donor_639,0
Donor_64,0
Donor_640,0
Donor_631,0
Donor_681,0
Donor_682,0
Donor_683,0
Donor_684,0
Donor_685,0
Donor_686,0
Donor_687,0
Donor_688,0
Donor_689,0
Donor_69,0
Donor_660,0
Donor_691,0
Donor_692,0
Donor_693,0
Donor_694,0
Donor_695,0
Donor_696,0
Donor_697,0
Donor_698,0
Donor_699,0
Donor_7,0
Donor_690,0
Donor_661,0
Donor_662,0
Donor_663,0
Donor_664,0
Donor_665,0
Donor_666,0
Donor_667,0
Donor_668,0
Donor_669,0
Donor_67,0
Donor_680,0
Donor_671,0
Donor_672,0
Donor_673,0
Donor_674,0
Donor_675,0
Donor_676,0
Donor_677,0
Donor_678,0
Donor_679,0
Donor_68,0
Donor_670,0
Donor_564,0
Donor_565,0
Donor_566,0
Donor_567,0
Donor_568,0
Donor_569,0
Donor_57,0
Donor_570,0
Donor_571,0
Donor_621,0
Donor_573,0
Donor_574,0
Donor_575,0
Donor_576,0
Donor_577,0
Donor_578,0
Donor_579,0
Donor_58,0
Donor_580,0
Donor_581,0
Donor_572,0
Donor_544,0
Donor_545,0
Donor_546,0
Donor_547,0
Donor_548,0
Donor_549,0
Donor_55,0
Donor_550,0
Donor_551,0
Donor_552,0
Donor_563,0
Donor_554,0
Donor_555,0
Donor_556,0
Donor_557,0
Donor_558,0
Donor_559,0
Donor_56,0
Donor_560,0
Donor_561,0
Donor_562,0
Donor_553,0
Donor_602,0
Donor_603,0
Donor_604,0
Donor_605,0
Donor_606,0
Donor_607,0
Donor_608,0
Donor_609,0
Donor_61,0
Donor_610,0
Donor_582,0
Donor_612,0
Donor_613,0
Donor_614,0
Donor_615,0
Donor_616,0
Donor_617,0
Donor_618,0
Donor_619,0
Donor_62,0
Donor_620,0
Donor_611,0
Donor_583,0
Donor_584,0
Donor_585,0
Donor_586,0
Donor_587,0
Donor_588,0
Donor_589,0
Donor_59,0
Donor_590,0
Donor_591,0
Donor_601,0
Donor_593,0
Donor_594,0
Donor_595,0
Donor_596,0
Donor_597,0
Donor_598,0
Donor_599,0
Donor_6,0
Donor_60,0
Donor_600,0
Donor_592,0
Donor_8,0
Donor_80,0
Donor_800,0
Donor_801,0
Donor_802,0
Donor_803,0
Donor_804,0
Donor_805,0
Donor_806,0
Donor_70,0
Donor_808,0
Donor_809,0
Donor_81,0
Donor_810,0
Donor_811,0
Donor_812,0
Donor_813,0
Donor_814,0
Donor_815,0
Donor_816,0
Donor_807,0
Donor_78,0
Donor_780,0
Donor_781,0
Donor_782,0
Donor_783,0
Donor_784,0
Donor_785,0
Donor_786,0
Donor_787,0
Donor_788,0
Donor_799,0
Donor_79,0
Donor_790,0
Donor_791,0
Donor_792,0
Donor_793,0
Donor_794,0
Donor_795,0
Donor_796,0
Donor_797,0
Donor_798,0
Donor_789,0
Donor_838,0
Donor_839,0
Donor_84,0
Donor_840,0
Donor_841,0
Donor_842,0
Donor_843,0
Donor_844,0
Donor_845,0
Donor_846,0
Donor_817,0
Donor_848,0
Donor_849,0
Donor_85,0
Donor_850,0
Donor_851,0
Donor_852,0
Donor_853,0
Donor_854,0
Donor_855,0
Donor_856,0
Donor_847,0
Donor_818,0
Donor_819,0
Donor_82,0
Donor_820,0
Donor_821,0
Donor_822,0
Donor_823,0
Donor_824,0
Donor_825,0
Donor_826,0
Donor_837,0
Donor_828,0
Donor_829,0
Donor_83,0
Donor_830,0
Donor_831,0
Donor_832,0
Donor_833,0
Donor_834,0
Donor_835,0
Donor_836,0
Donor_827,0
Donor_720,0
Donor_721,0
Donor_722,0
Donor_723,0
Donor_724,0
Donor_725,0
Donor_726,0
Donor_727,0
Donor_728,0
Donor_779,0
Donor_73,0
Donor_730,0
Donor_731,0
Donor_732,0
Donor_733,0
Donor_734,0
Donor_735,0
Donor_736,0
Donor_737,0
Donor_738,0
Donor_729,0
Donor_700,0
Donor_701,0
Donor_702,0
Donor_703,0
Donor_704,0
Donor_705,0
Donor_706,0
Donor_707,0
Donor_708,0
Donor_709,0
Donor_72,0
Donor_710,0
Donor_711,0
Donor_712,0
Donor_713,0
Donor_714,0
Donor_715,0
Donor_716,0
Donor_717,0
Donor_718,0
Donor_719,0
Donor_71,0
Donor_76,0
Donor_760,0
Donor_761,0
Donor_762,0
Donor_763,0
Donor_764,0
Donor_765,0
Donor_766,0
Donor_767,0
Donor_768,0
Donor_739,0
Donor_77,0
Donor_770,0
Donor_771,0
Donor_772,0
Donor_773,0
Donor_774,0
Donor_775,0
Donor_776,0
Donor_777,0
Donor_778,0
Donor_769,0
Donor_74,0
Donor_740,0
Donor_741,0
Donor_742,0
Donor_743,0
Donor_744,0
Donor_745,0
Donor_746,0
Donor_747,0
Donor_748,0
Donor_759,0
Donor_75,0
Donor_750,0
Donor_751,0
Donor_752,0
Donor_753,0
Donor_754,0
Donor_755,0
Donor_756,0
Donor_757,0
Donor_758,0
Donor_749,0
H56,0
H57,0
H58,0
H59,0
H6,0
H65,0
H67,0
H7,0
H73,0
GI4112_DUO_EPI_GEX,0
H79,0
H80,0
H81,0
H84,0
H9,0
HBCA_Donor_22,0
HBCA_Donor_42,0
HBCA_Donor_45,0
HC-002,0
HC-006,0
H78,0
H3,0
H30,0
H31,0
H32,0
H33,0
H34,0
H35,0
H36,0
H37,0
H38,0
H55,0
H4,0
H40,0
H41,0
H42,0
H44,0
H46,0
H49,0
H5,0
H51,0
H53,0
H39,0
HC-532,0
HC-533,0
HC-536,0
HC-538,0
HC-540,0
HC-541,0
HC-543,0
HC-545,0
HC-546,0
HC-551,0
HC-008,0
HC-554,0
HC-556,0
HC-558,0
HC-563,0
HC-566,0
HC-567,0
HC-571,0
HC-572,0
HC-573,0
HC-574,0
HC-552,0
HC-009,0
HC-011,0
HC-014,0
HC-015,0
HC-019,0
HC-020,0
HC-022,0
HC-1,0
HC-2,0
HC-500,0
HC-531,0
HC-502,0
HC-503,0
HC-504,0
HC-508,0
HC-512,0
HC-516,0
HC-519,0
HC-520,0
HC-524,0
HC-526,0
HC-501,0
H21.33.014,0
H21.33.015,0
H21.33.016,0
H21.33.017,0
H21.33.018,0
H21.33.019,0
H21.33.020,0
H21.33.021,0
H21.33.022,0
H2_mother,0
H21.33.025,0
H21.33.026,0
H21.33.027,0
H21.33.028,0
H21.33.029,0
H21.33.030,0
H21.33.031,0
H21.33.032,0
H21.33.033,0
H21.33.034,0
H21.33.023,0
H20.33.041,0
H20.33.043,0
H20.33.044,0
H20.33.045,0
H20.33.046,0
H200.1023,0
H200.1025,0
H200.1030,0
H21,0
H21.33.001,0
H21.33.013,0
H21.33.003,0
H21.33.004,0
H21.33.005,0
H21.33.006,0
H21.33.007,0
H21.33.008,0
H21.33.009,0
H21.33.010,0
H21.33.011,0
H21.33.012,0
H21.33.002,0
H27295,0
H27423,0
H27431,0
H27432,0
H27458,0
H27464,0
H27471,0
H27472,0
H27473,0
H27474,0
H21.33.035,0
H27552,0
H27620,0
H27634,0
H27799,0
H27876,0
H27909,0
H27948,0
H28,0
H29,0
H2_fetus,0
H27477,0
H21.33.036,0
H21.33.037,0
H21.33.038,0
H21.33.039,0
H21.33.040,0
H21.33.041,0
H21.33.042,0
H21.33.043,0
H21.33.044,0
H21.33.045,0
H27098,0
H21.33.047,0
H22,0
H23,0
H24,0
H25,0
H26,0
H26350,0
H26547,0
H27,0
H27058,0
H21.33.046,0
HN488,0
HN489,0
HN490,0
HN492,0
HN494,0
HP-20152-01,0
HP17117-01 T2D,0
HP1720901T2D,0
HP17225-01T2D,0
HC-578,0
HP18054-01,0
HP18304,0
HP18320-01T2D,0
HP19044-01T2D,0
HP19047-01,0
HPAP019,0
HPAP020,0
HPAP021,0
HPAP022,0
HPAP023,0
HP17300-01T2D,0
HM1,0
HM10,0
HM11,0
HM12,0
HM13,0
HM15,0
HM2,0
HM21,0
HM22,0
HM23,0
HN487,0
HM4,0
HM5,0
HM6,0
HM7,0
HM8,0
HM9,0
HN481,0
HN482,0
HN483,0
HN485,0
HM3,0
HPSI0314i-sojd_3,0
HSB106,0
HSB179,0
HSB181,0
HSB189,0
HSB231,0
HSB237,0
HSB282,0
HSB340,0
HSB628,0
HPAP024,0
HT-172,0
HT-184,0
HT-185,0
HT-188,0
HT-189,0
HT-228,0
HT-231,0
HT-232,0
HT-236,0
HT-243,0
HT-158,0
HPAP026,0
HPAP028,0
HPAP029,0
HPAP032,0
HPAP034,0
HPAP035,0
HPAP036,0
HPAP037,0
HPAP038,0
HPAP039,0
HPSI0314i-hoik_1,0
HPAP042,0
HPAP043,0
HPAP044,0
HPAP045,0
HPAP047,0
HPAP049,0
HPAP050,0
HPSI0114i-rozh_5,0
HPSI0214i-kucg_2,0
HPSI0214i-wibj_2,0
HPAP040,0
HDBR-14584,0
HDBR-14831,0
HDBR-14834,0
HDBR-15020,0
HDBR15084,0
"HDBR15279,HDBR15280",0
HDBR15777,0
HDBR15853,0
HDBR15934,0
HKB34,0
HDBR16389,0
HDBR16392,0
HDBR16402,0
HDCM5,0
HDCM7,0
HDML,0
HDVO,0
HEC1,0
HEC2,0
HES-3 NKX2.1GFP/w,0
HDBR16011,0
HC-580,0
HC-585,0
HC16,0
HC17,0
HC18,0
HC19,0
HC20,0
HCA_BM_BM1,0
HCA_BM_BM2,0
HCA_BM_BM3,0
HCM7,0
HCA_BM_BM5,0
HCA_BM_BM6,0
HCA_BM_BM7,0
HCA_BM_BM8,0
HCM1,0
HCM2,0
HCM3,0
HCM4,0
HCM5,0
HCM6,0
HCA_BM_BM4,0
HGR0000141,0
HGR0000142,0
HGR0000143,0
HGR0000144,0
HGR0000391,0
HGR0000392,0
HGR0000395,0
HGR0000418,0
HGR0000429,0
HGR0000430,0
HGR0000042,0
HKB14,0
HKB15,0
HKB16,0
HKB17,0
HKB18,0
HKB19,0
HKB24,0
HKB31,0
HKB32,0
HKB33,0
HKB11,0
HGR0000051,0
HGR0000069,0
HGR0000071,0
HGR0000074,0
HGR0000078,0
HGR0000079,0
HGR0000083,0
HGR0000089,0
HGR0000091,0
HGR0000092,0
HGR0000137,0
HGR0000094,0
HGR0000098,0
HGR0000101,0
HGR0000102,0
HGR0000110,0
HGR0000115,0
HGR0000124,0
HGR0000134,0
HGR0000135,0
HGR0000136,0
HGR0000093,0
Gur-22-AB10128,0
Gur-22-AB10130,0
Gur-22-AB10132,0
Gur-22-AB10133,0
Gur-22-AB10138,0
Gur-22-AB10140,0
Gur-22-AB10163,0
Gur-22-AB11873,0
Gur-22-AB12596,0
H20.33.040,0
Gur-22-AB13335,0
Gur-22-AB13445,0
Gur-22-AB13455,0
Gur-22-AB13775,0
Gur-22-AB13776,0
Gur-22-AB13780,0
Gur-22-AB13819,0
Gur-22-AB13821,0
Gur-22-AB6914,0
Gur-22-AB6916,0
Gur-22-AB13319,0
Gao-21-Ctrl1,0
Gao-21-Ctrl2,0
Gao-21-Ctrl3,0
Gay-19-HC1,0
Gay-19-HC2,0
Gay-19-HC3,0
Gay-19-HC4,0
GestilingerOv_Tumor59,0
GestilingerOv_Tumor76,0
GestilingerOv_Tumor77,0
Guan_NatCommun_2021_Control_C24,0
GestilingerOv_Tumor90,0
Granja2019_BMMC_D1T1,0
Granja2019_BMMC_D1T2,0
Granja2019_CD34_D2T1,0
Granja2019_CD34_D3T1,0
Gray_PM-H,0
Gray_PM-I,0
Gray_PM-J,0
Gray_PM-K,0
Gray_PM-L,0
GestilingerOv_Tumor89,0
Gur-22-AB8012,0
Gur-22-AB8018,0
Gur-22-AB8020,0
Gur-22-AB8021,0
Gur-22-AB8022,0
Gur-22-AB8027,0
Gur-22-AB8049,0
Gur-22-AB8051,0
Gur-22-AB8052,0
Gur-22-AB8315,0
Gur-22-AB7061,0
Gur-22-AB8459,0
Gur-22-AB8481,0
Gur-22-AB8487,0
Gur-22-AB8488,0
Gur-22-AB8496,0
Gur-22-AB8672,0
Gur-22-AB8673,0
Gur-22-AB8678,0
Gur-22-AB8680,0
Gur-22-AB8762,0
Gur-22-AB8324,0
Gur-22-AB7064,0
Gur-22-AB7068,0
Gur-22-AB7073,0
Gur-22-AB7181,0
Gur-22-AB7182,0
Gur-22-AB7217,0
Gur-22-AB7274,0
Gur-22-AB7276,0
Gur-22-AB7278,0
Gur-22-AB7280,0
Gur-22-AB7856,0
Gur-22-AB7341,0
Gur-22-AB7449,0
Gur-22-AB7452,0
Gur-22-AB7462,0
Gur-22-AB7494,0
Gur-22-AB7495,0
Gur-22-AB7698,0
Gur-22-AB7699,0
Gur-22-AB7700,0
Gur-22-AB7855,0
Gur-22-AB7339,0
GM283,0
GM289,0
GRO-01,0
GRO-01_biopsy,0
GRO-02,0
GRO-02_biopsy,0
GRO-03,0
GRO-03_biopsy,0
GRO-04,0
GW30-11-6-18,0
GRO-06,0
GRO-06_biopsy,0
GRO-07,0
GRO-07_biopsy,0
GRO-08,0
GRO-08_biopsy,0
GRO-09,0
GRO-09_biopsy,0
GRO-10,0
GRO-10_biopsy,0
GRO-04_biopsy,0
GI4253_DUO_EPI_GEX,0
GI4288_DUO_EPI_GEX,0
GI4290_DUO_EPI_GEX,0
GI4345_DUO_EPI_GEX,0
GI4359_DUO_EPI_GEX,0
GI4394_DUO_EPI_GEX,0
GI4401_DUO_EPI_GEX,0
GM07982,0
GM08330,0
GM136,0
GM25256,0
GM144,0
GM147,0
GM148,0
GM169,0
GM183,0
GM184a,0
GM23338,0
GM238,0
GM241,0
GM242,0
GM143,0
GW16,0
GW16-2-12-20,0
GW16-2-2-20,0
GW17,0
GW18,0
GW18-3-22-17,0
GW18-6-14-19,0
GW18_2,0
GW19,0
GW19-1-17-20,0
GRO-11,0
GW20,0
GW20-11-28-18,0
GW20-12-7-18,0
GW20_31,0
GW20_34,0
GW22,0
GW22T,0
GW25,0
GW25-11-17-17,0
GW27-2-7-18,0
GW19_2,0
GRO-11_biopsy,0
GSM4141788,0
GSM4141789,0
GSM4141790,0
GSM5683602,0
GTEX-12BJ1,0
GTEX-13N11,0
GTEX-144GM,0
GTEX-145ME,0
GTEX-15CHR,0
GW14,0
GTEX-15RIE,0
GTEX-15SB6,0
GTEX-16BQI,0
GTEX-1CAMR,0
GTEX-1CAMS,0
GTEX-1HSMQ,0
GTEX-1I1GU,0
GTEX-1ICG6,0
GTEX-1MCC2,0
GTEX-1R9PN,0
GTEX-15EOM,0
H18.26.404,0
H18.26.405,0
H18.30.001,0
H18.30.002,0
H19,0
H19.03.301,0
H19.03.302,0
H19.03.304,0
H19.03.306,0
Gur-22-AB8765,0
H19.03.311,0
H19.03.313,0
H19.03.314,0
H19.03.315,0
H19.03.317,0
H19.03.319,0
H19.03.322,0
H19.06.351,0
H19.06.356,0
H19.06.362,0
H19.03.310,0
H18.03.003,0
H18.03.008,0
H18.03.009,0
H18.03.010,0
H18.03.012,0
H18.03.313,0
H18.03.315,0
H18.03.317,0
H18.03.319,0
H18.03.323,0
H18.26.403,0
H18.06.004,0
H18.06.005,0
H18.06.359,0
H18.06.362,0
H18.06.363,0
H18.06.365,0
H18.06.367,0
H18.06.368,0
H18.06.371,0
H18.26.001,0
H18.06.002,0
H20.33.016,0
H20.33.017,0
H20.33.018,0
H20.33.019,0
H20.33.020,0
H20.33.024,0
H20.33.025,0
H20.33.026,0
H20.33.027,0
H20.33.028,0
H19.26.403,0
H20.33.030,0
H20.33.031,0
H20.33.032,0
H20.33.033,0
H20.33.034,0
H20.33.035,0
H20.33.036,0
H20.33.037,0
H20.33.038,0
H20.33.039,0
H20.33.029,0
H19.26.404,0
H19.30.001,0
H19.30.002,0
H19.30.004,0
H19.33.004,0
H2,0
H20,0
H20.03.301,0
H20.03.303,0
H20.06.354,0
H20.33.015,0
H20.26.406,0
H20.33.001,0
H20.33.002,0
H20.33.004,0
H20.33.005,0
H20.33.008,0
H20.33.011,0
H20.33.012,0
H20.33.013,0
H20.33.014,0
H20.26.401,0
Gur-22-AB9424,0
Gur-22-AB9428,0
Gur-22-AB9429,0
Gur-22-AB9430,0
H00049,0
H00052,0
H00053,0
H00054,0
H00058,0
H18.03.002,0
H00067,0
H00070,0
H00072,0
H00085,0
H01,0
H02,0
H03,0
H04,0
H05,0
H06,0
H00064,0
Gur-22-AB8772,0
Gur-22-AB8774,0
Gur-22-AB8778,0
Gur-22-AB8780,0
Gur-22-AB8909,0
Gur-22-AB8912,0
Gur-22-AB8913,0
Gur-22-AB8919,0
Gur-22-AB9097,0
Gur-22-AB9098,0
Gur-22-AB9423,0
Gur-22-AB9106,0
Gur-22-AB9107,0
Gur-22-AB9348,0
Gur-22-AB9352,0
Gur-22-AB9355,0
Gur-22-AB9356,0
Gur-22-AB9357,0
Gur-22-AB9362,0
Gur-22-AB9420,0
Gur-22-AB9422,0
Gur-22-AB9105,0
H16.03.011,0
H16.06.003,0
H16.06.004,0
H16.06.008,0
H16.06.009,0
H16.06.010,0
H16.06.011,0
H16.06.012,0
H17,0
H17.03.002,0
H07,0
H17.03.012,0
H17.03.015,0
H17.06.003,0
H17.06.005,0
H17.06.012,0
H17.06.013,0
H17.06.015,0
H17.26.003,0
H17.26.005,0
H18,0
H17.03.007,0
H08,0
H09,0
H1,0
H10,0
H11,0
H12,0
H13,0
H14,0
H15,0
H15.03.002,0
H16.03.010,0
H15.03.005,0
H15.03.006,0
H15.06.008,0
H15.06.017,0
H15.06.018,0
H16,0
H16.03.001,0
H16.03.002,0
H16.03.005,0
H16.03.008,0
H15.03.003,0
Donor_1047,0
Donor_1048,0
Donor_1049,0
Donor_105,0
Donor_1050,0
Donor_1051,0
Donor_1052,0
Donor_1053,0
Donor_1054,0
Donor_543,0
Donor_1056,0
Donor_1057,0
Donor_1058,0
Donor_1059,0
Donor_106,0
Donor_1060,0
Donor_1061,0
Donor_1062,0
Donor_1063,0
Donor_1064,0
Donor_1055,0
Donor_1027,0
Donor_1028,0
Donor_1029,0
Donor_103,0
Donor_1030,0
Donor_1031,0
Donor_1032,0
Donor_1033,0
Donor_1034,0
Donor_1035,0
Donor_1046,0
Donor_1037,0
Donor_1038,0
Donor_1039,0
Donor_104,0
Donor_1040,0
Donor_1041,0
Donor_1042,0
Donor_1043,0
Donor_1044,0
Donor_1045,0
Donor_1036,0
Donor_1086,0
Donor_1087,0
Donor_1088,0
Donor_1089,0
Donor_109,0
Donor_1090,0
Donor_1091,0
Donor_1092,0
Donor_1093,0
Donor_1094,0
Donor_1065,0
Donor_1096,0
Donor_1097,0
Donor_1098,0
Donor_1099,0
Donor_11,0
Donor_110,0
Donor_1100,0
Donor_1101,0
Donor_1102,0
Donor_1103,0
Donor_1095,0
Donor_1066,0
Donor_1067,0
Donor_1068,0
Donor_1069,0
Donor_107,0
Donor_1070,0
Donor_1071,0
Donor_1072,0
Donor_1073,0
Donor_1074,0
Donor_1085,0
Donor_1076,0
Donor_1077,0
Donor_1078,0
Donor_1079,0
Donor_108,0
Donor_1080,0
Donor_1081,0
Donor_1082,0
Donor_1083,0
Donor_1084,0
Donor_1075,0
Donor22,0
Donor23,0
Donor24,0
Donor27,0
Donor28,0
Donor29,0
Donor3,0
Donor30,0
Donor31,0
Donor_1026,0
Donor35,0
Donor39,0
Donor4,0
Donor40,0
Donor43,0
Donor44,0
Donor45,0
Donor46,0
Donor47,0
Donor48,0
Donor32,0
DL2,0
DL3,0
DO1,0
DP1,0
DP2,0
DS3,0
DT4,0
Den-21-Scar_1,0
Den-21-Scar_2,0
Den-21-Scar_3,0
Donor21,0
Donor 2,0
Donor 3,0
Donor10,0
Donor12,0
Donor14,0
Donor16,0
Donor17,0
Donor18,0
Donor19,0
Donor20,0
Donor 1,0
Donor_1007,0
Donor_1008,0
Donor_1009,0
Donor_101,0
Donor_1010,0
Donor_1011,0
Donor_1012,0
Donor_1013,0
Donor_1014,0
Donor_1015,0
Donor49,0
Donor_1017,0
Donor_1018,0
Donor_1019,0
Donor_102,0
Donor_1020,0
Donor_1021,0
Donor_1022,0
Donor_1023,0
Donor_1024,0
Donor_1025,0
Donor_1016,0
Donor5,0
Donor50,0
Donor51,0
Donor52,0
Donor53,0
Donor54,0
Donor55,0
Donor56,0
Donor6,0
Donor7,0
Donor_1006,0
DonorB,0
Donor_1,0
Donor_10,0
Donor_100,0
Donor_1000,0
Donor_1001,0
Donor_1002,0
Donor_1003,0
Donor_1004,0
Donor_1005,0
DonorA,0
Donor_1203,0
Donor_1204,0
Donor_1205,0
Donor_1206,0
Donor_1207,0
Donor_1208,0
Donor_1209,0
Donor_121,0
Donor_1210,0
Donor_1104,0
Donor_1212,0
Donor_1213,0
Donor_1214,0
Donor_1215,0
Donor_1216,0
Donor_1217,0
Donor_1218,0
Donor_1219,0
Donor_122,0
Donor_1220,0
Donor_1211,0
Donor_1184,0
Donor_1185,0
Donor_1186,0
Donor_1187,0
Donor_1188,0
Donor_1189,0
Donor_119,0
Donor_1190,0
Donor_1191,0
Donor_1192,0
Donor_1202,0
Donor_1194,0
Donor_1195,0
Donor_1196,0
Donor_1197,0
Donor_1198,0
Donor_1199,0
Donor_12,0
Donor_120,0
Donor_1200,0
Donor_1201,0
Donor_1193,0
Donor_1242,0
Donor_1243,0
Donor_1244,0
Donor_1245,0
Donor_1246,0
Donor_1247,0
Donor_1248,0
Donor_1249,0
Donor_125,0
Donor_1250,0
Donor_1221,0
Donor_1252,0
Donor_1253,0
Donor_1254,0
Donor_1255,0
Donor_1256,0
Donor_1257,0
Donor_1258,0
Donor_1259,0
Donor_126,0
Donor_1260,0
Donor_1251,0
Donor_1222,0
Donor_1223,0
Donor_1224,0
Donor_1225,0
Donor_1226,0
Donor_1227,0
Donor_1228,0
Donor_1229,0
Donor_123,0
Donor_1230,0
Donor_1241,0
Donor_1232,0
Donor_1233,0
Donor_1234,0
Donor_1235,0
Donor_1236,0
Donor_1237,0
Donor_1238,0
Donor_1239,0
Donor_124,0
Donor_1240,0
Donor_1231,0
Donor_1125,0
Donor_1126,0
Donor_1127,0
Donor_1128,0
Donor_1129,0
Donor_113,0
Donor_1130,0
Donor_1131,0
Donor_1132,0
Donor_1183,0
Donor_1134,0
Donor_1135,0
Donor_1136,0
Donor_1137,0
Donor_1138,0
Donor_1139,0
Donor_114,0
Donor_1140,0
Donor_1141,0
Donor_1142,0
Donor_1133,0
Donor_1105,0
Donor_1106,0
Donor_1107,0
Donor_1108,0
Donor_1109,0
Donor_111,0
Donor_1110,0
Donor_1111,0
Donor_1112,0
Donor_1113,0
Donor_1124,0
Donor_1115,0
Donor_1116,0
Donor_1117,0
Donor_1118,0
Donor_1119,0
Donor_112,0
Donor_1120,0
Donor_1121,0
Donor_1122,0
Donor_1123,0
Donor_1114,0
Donor_1164,0
Donor_1165,0
Donor_1166,0
Donor_1167,0
Donor_1168,0
Donor_1169,0
Donor_117,0
Donor_1170,0
Donor_1171,0
Donor_1172,0
Donor_1143,0
Donor_1174,0
Donor_1175,0
Donor_1176,0
Donor_1177,0
Donor_1178,0
Donor_1179,0
Donor_118,0
Donor_1180,0
Donor_1181,0
Donor_1182,0
Donor_1173,0
Donor_1144,0
Donor_1145,0
Donor_1146,0
Donor_1147,0
Donor_1148,0
Donor_1149,0
Donor_115,0
Donor_1150,0
Donor_1151,0
Donor_1152,0
Donor_1163,0
Donor_1154,0
Donor_1155,0
Donor_1156,0
Donor_1157,0
Donor_1158,0
Donor_1159,0
Donor_116,0
Donor_1160,0
Donor_1161,0
Donor_1162,0
Donor_1153,0
CV19-I-O-23,0
CV19-I-O-24,0
CV19-I-O-3,0
CV19-I-O-34,0
CV19-I-O-39,0
CV19-I-O-4,0
CV19-I-O-40,0
CV19-I-O-45,0
CV19-I-O-51,0
DID_scRSq08,0
CV19-I-O-71,0
CV19-I-O-73,0
CV19-I-O-74,0
CVCL_C961,0
CVID,0
CVID1,0
CVID18,0
CVID23,0
CVID25,0
CVID29,0
CV19-I-O-59,0
CV0284,0
CV0326,0
CV0902,0
CV0904,0
CV0911,0
CV0915,0
CV0917,0
CV0926,0
CV0929,0
CV0934,0
CV19-I-O-22,0
CV0940,0
CV0944,0
CV19-I-O-14,0
CV19-I-O-16,0
CV19-I-O-17,0
CV19-I-O-18,0
CV19-I-O-19,0
CV19-I-O-2,0
CV19-I-O-20,0
CV19-I-O-21,0
CV0939,0
Case76,0
Case82,0
Chan_NatCommun_2022_bronchial_organoids,0
Chan_NatCommun_2022_nasopharyngeal_organoids,0
Charlie_JCI_2023_hfDO_EGF,0
Charlie_JCI_2023_hfDO_EREG,0
Chen_17_D013,0
Chen_19_D003,0
Chen_19_D006,0
Chen_19_D007,0
CVID3,0
Chen_19_D011,0
Chen_19_D013,0
Chen_19_D014,0
Chen_19_D015,0
Chen_19_D016,0
Chen_19_D017,0
Chen_19_D019,0
Chen_D005_13,0
Chen_D009_13,0
Chen_D013_13,0
Chen_19_D010,0
CVID33,0
CVID34,0
CVID36,0
CVID37,0
Caetano_GSE152042_GSM4600896,0
Caetano_GSE152042_GSM4600897,0
Caetano_GSE152042_GSM4600898,0
Caetano_GSE152042_GSM4600899,0
Caetano_Healthy1,0
Caetano_Healthy2,0
Case67,0
Calvanese_2022_Embryo2-3,0
Calvanese_2022_Embryo4,0
Camp_Nat_2017_LB,0
Capeling_CellRep_2022_Day14_HIO_EGF_algenate,0
Capeling_CellRep_2022_Day14_HIO_ENR_algenate,0
Capeling_CellRep_2022_Day3_HIO_alginate,0
Capeling_CellRep_2022_Day7_HIO_EGF_algenate,0
Capeling_CellRep_2022_Day7_HIO_ENR_algenate,0
Case56,0
Case57,0
Calvanese_2022_Embryo1,0
CTRL_15,0
CTRL_16,0
CTRL_17,0
CTRL_18,0
CTRL_19,0
CTRL_2,0
CTRL_20,0
CTRL_21,0
CTRL_22,0
CV0279,0
CTRL_24,0
CTRL_3,0
CTRL_4,0
CTRL_5,0
CTRL_6,0
CTRL_7,0
CTRL_8,0
CTRL_9,0
CU16,0
CU25,0
CTRL_23,0
COVID19_Participant40,0
COVID19_Participant5,0
COVID19_Participant6,0
COVID19_Participant7,0
COVID19_Participant8,0
COVID19_Participant9,0
CTL04E,0
CTL08A,0
CTRL-1,0
CTRL-2,0
CTRL_14,0
CTRL-4,0
CTRL-5,0
CTRL-6,0
CTRL-7,0
CTRL-8,0
CTRL_1,0
CTRL_10,0
CTRL_11,0
CTRL_12,0
CTRL_13,0
CTRL-3,0
CV0100,0
CV0104,0
CV0120,0
CV0128,0
CV0134,0
CV0137,0
CV0144,0
CV0155,0
CV0160,0
CV0164,0
CU34,0
CV0176,0
CV0178,0
CV0180,0
CV0198,0
CV0200,0
CV0201,0
CV0231,0
CV0234,0
CV0257,0
CV0262,0
CV0171,0
CU50,0
CU60,0
CU62,0
CV-001,0
CV-003,0
CV-011,0
CV-012,0
CV-022,0
CV-053,0
CV-056,0
CV0094,0
CV0037,0
CV0050,0
CV0052,0
CV0058,0
CV0059,0
CV0062,0
CV0068,0
CV0073,0
CV0074,0
CV0084,0
CV0025,0
D3,0
D30,0
D31,0
D319,0
D322,0
D322_BIOP_PRO1,0
D326,0
D326_Biop_Pro1,0
D337,0
Chen_D017_13,0
D344,0
D344_BIOP_PRO1,0
D35,0
D352,0
D353,0
D353_BIOP_PRO1,0
D354,0
D354_BIOP_PRO1,0
D363,0
D363_BIOP_PRO1,0
D339_BIOP_PRO1,0
D12_fetus,0
D12_mother,0
D139,0
D141,0
D150,0
D169,0
D17,0
D170,0
D184,0
D1_2509,0
D2_mother,0
D1_mother,0
D2,0
D2 hiPSC,0
D227,0
D251,0
D27,0
D28,0
D29,0
D2_3061,0
D2_3508,0
D1_3041,0
D8_3453,0
D8_3668,0
D8_fetus,0
D8_mother,0
D9_3669,0
D9_fetus,0
D9_mother,0
DEV15983,0
DEV15984,0
DEV15985,0
D367,0
DEV16134,0
DEV16136,0
DEV16569,0
DID_scRSq01,0
DID_scRSq02,0
DID_scRSq03,0
DID_scRSq04,0
DID_scRSq05,0
DID_scRSq06,0
DID_scRSq07,0
DEV16127,0
D367_BIOP_PRO1,0
D372_BIOP_PRO1,0
D3_3203,0
D3_3586,0
D3_mother,0
D4,0
D4_3295,0
D4_3604,0
D4_mother,0
D5,0
D8,0
D5_3619,0
D5_mother,0
D6,0
D6_3369,0
D6_3636,0
D6_mother,0
D7,0
D7_3391,0
D7_3643,0
D7_mother,0
D5_3296,0
Control10_1_C_F,0
Control15_1_C_F,0
Control16_1_C_F,0
Control17_1_C_M,0
Control18_1_C_F,0
Control19_1_C_F,0
Control20_1_A_F,0
Control21_1_C_F,0
Control22_1_H_F,0
D11_fetus,0
Control_Participant1,0
Control_Participant10,0
Control_Participant11,0
Control_Participant12,0
Control_Participant13,0
Control_Participant14,0
Control_Participant15,0
Control_Participant16,0
Control_Participant17,0
Control_Participant18,0
Control23_1_C_F,0
Chen_D018_13,0
Chen_D019_13,0
Chen_D021_13,0
Chen_D026_13,0
Chen_D027_13,0
Chen_D028_13,0
Chen_D030_13,0
Chen_parotid gland 1,0
Child1,0
Child2,0
Control09_1_C_M,0
Control-053,0
Control-069,0
Control-084,0
Control01_1_A_M,0
Control03_1_C_F,0
Control04_1_C_F,0
Control05_1_C_M,0
Control06_1_C_M,0
Control07_1_C_F,0
Control08_1_C_M,0
Colon-1,0
D011,0
D015,0
D031,0
D032,0
D039,0
D046,0
D053,0
D062,0
D079,0
D086,0
Control_Participant19,0
D090,0
D094,0
D095,0
D1,0
D105,0
D10_3679,0
D10_fetus,0
D10_mother,0
D113,0
D115,0
D088,0
Control_Participant2,0
Control_Participant20,0
Control_Participant21,0
Control_Participant3,0
Control_Participant4,0
Control_Participant5,0
Control_Participant6,0
Control_Participant7,0
Control_Participant8,0
Control_Participant9,0
D001-12,0
Control_donor_2,0
Control_donor_3,0
Control_donor_4,0
Control_donor_5,0
Costa-da-Silva_HV1,0
Costa-da-Silva_HV2,0
Costa-da-Silva_HV3,0
Costa-da-Silva_HV4,0
Crosse_2020_Embryo1,0
Crosse_2020_Embryo2,0
Control_donor_1,0
Donor_329,0
Donor_33,0
Donor_330,0
Donor_331,0
Donor_332,0
Donor_333,0
Donor_334,0
Donor_335,0
Donor_336,0
Donor_1261,0
Donor_338,0
Donor_339,0
Donor_34,0
Donor_340,0
Donor_341,0
Donor_342,0
Donor_343,0
Donor_344,0
Donor_345,0
Donor_346,0
Donor_337,0
Donor_309,0
Donor_31,0
Donor_310,0
Donor_311,0
Donor_312,0
Donor_313,0
Donor_314,0
Donor_315,0
Donor_316,0
Donor_317,0
Donor_328,0
Donor_319,0
Donor_32,0
Donor_320,0
Donor_321,0
Donor_322,0
Donor_323,0
Donor_324,0
Donor_325,0
Donor_326,0
Donor_327,0
Donor_318,0
Donor_368,0
Donor_369,0
Donor_37,0
Donor_370,0
Donor_371,0
Donor_372,0
Donor_373,0
Donor_374,0
Donor_375,0
Donor_376,0
Donor_347,0
Donor_378,0
Donor_379,0
Donor_38,0
Donor_380,0
Donor_381,0
Donor_382,0
Donor_383,0
Donor_384,0
Donor_385,0
Donor_386,0
Donor_377,0
Donor_348,0
Donor_349,0
Donor_35,0
Donor_350,0
Donor_351,0
Donor_352,0
Donor_353,0
Donor_354,0
Donor_355,0
Donor_356,0
Donor_367,0
Donor_358,0
Donor_359,0
Donor_36,0
Donor_360,0
Donor_361,0
Donor_362,0
Donor_363,0
Donor_364,0
Donor_365,0
Donor_366,0
Donor_357,0
Donor_250,0
Donor_251,0
Donor_252,0
Donor_253,0
Donor_254,0
Donor_255,0
Donor_256,0
Donor_257,0
Donor_258,0
Donor_308,0
Donor_26,0
Donor_260,0
Donor_261,0
Donor_262,0
Donor_263,0
Donor_264,0
Donor_265,0
Donor_266,0
Donor_267,0
Donor_268,0
Donor_259,0
Donor_230,0
Donor_231,0
Donor_232,0
Donor_233,0
Donor_234,0
Donor_235,0
Donor_236,0
Donor_237,0
Donor_238,0
Donor_239,0
Donor_25,0
Donor_240,0
Donor_241,0
Donor_242,0
Donor_243,0
Donor_244,0
Donor_245,0
Donor_246,0
Donor_247,0
Donor_248,0
Donor_249,0
Donor_24,0
Donor_29,0
Donor_290,0
Donor_291,0
Donor_292,0
Donor_293,0
Donor_294,0
Donor_295,0
Donor_296,0
Donor_297,0
Donor_298,0
Donor_269,0
Donor_3,0
Donor_30,0
Donor_300,0
Donor_301,0
Donor_302,0
Donor_303,0
Donor_304,0
Donor_305,0
Donor_306,0
Donor_307,0
Donor_299,0
Donor_27,0
Donor_270,0
Donor_271,0
Donor_272,0
Donor_273,0
Donor_274,0
Donor_275,0
Donor_276,0
Donor_277,0
Donor_278,0
Donor_289,0
Donor_28,0
Donor_280,0
Donor_281,0
Donor_282,0
Donor_283,0
Donor_284,0
Donor_285,0
Donor_286,0
Donor_287,0
Donor_288,0
Donor_279,0
Donor_486,0
Donor_487,0
Donor_488,0
Donor_489,0
Donor_49,0
Donor_490,0
Donor_491,0
Donor_492,0
Donor_493,0
Donor_387,0
Donor_495,0
Donor_496,0
Donor_497,0
Donor_498,0
Donor_499,0
Donor_5,0
Donor_50,0
Donor_500,0
Donor_501,0
Donor_502,0
Donor_494,0
Donor_466,0
Donor_467,0
Donor_468,0
Donor_469,0
Donor_47,0
Donor_470,0
Donor_471,0
Donor_472,0
Donor_473,0
Donor_474,0
Donor_485,0
Donor_476,0
Donor_477,0
Donor_478,0
Donor_479,0
Donor_48,0
Donor_480,0
Donor_481,0
Donor_482,0
Donor_483,0
Donor_484,0
Donor_475,0
Donor_524,0
Donor_525,0
Donor_526,0
Donor_527,0
Donor_528,0
Donor_529,0
Donor_53,0
Donor_530,0
Donor_531,0
Donor_532,0
Donor_503,0
Donor_534,0
Donor_535,0
Donor_536,0
Donor_537,0
Donor_538,0
Donor_539,0
Donor_54,0
Donor_540,0
Donor_541,0
Donor_542,0
Donor_533,0
Donor_504,0
Donor_505,0
Donor_506,0
Donor_507,0
Donor_508,0
Donor_509,0
Donor_51,0
Donor_510,0
Donor_511,0
Donor_512,0
Donor_523,0
Donor_514,0
Donor_515,0
Donor_516,0
Donor_517,0
Donor_518,0
Donor_519,0
Donor_52,0
Donor_520,0
Donor_521,0
Donor_522,0
Donor_513,0
Donor_407,0
Donor_408,0
Donor_409,0
Donor_41,0
Donor_410,0
Donor_411,0
Donor_412,0
Donor_413,0
Donor_414,0
Donor_465,0
Donor_416,0
Donor_417,0
Donor_418,0
Donor_419,0
Donor_42,0
Donor_420,0
Donor_421,0
Donor_422,0
Donor_423,0
Donor_424,0
Donor_415,0
Donor_388,0
Donor_389,0
Donor_39,0
Donor_390,0
Donor_391,0
Donor_392,0
Donor_393,0
Donor_394,0
Donor_395,0
Donor_396,0
Donor_406,0
Donor_398,0
Donor_399,0
Donor_4,0
Donor_40,0
Donor_400,0
Donor_401,0
Donor_402,0
Donor_403,0
Donor_404,0
Donor_405,0
Donor_397,0
Donor_446,0
Donor_447,0
Donor_448,0
Donor_449,0
Donor_45,0
Donor_450,0
Donor_451,0
Donor_452,0
Donor_453,0
Donor_454,0
Donor_425,0
Donor_456,0
Donor_457,0
Donor_458,0
Donor_459,0
Donor_46,0
Donor_460,0
Donor_461,0
Donor_462,0
Donor_463,0
Donor_464,0
Donor_455,0
Donor_426,0
Donor_427,0
Donor_428,0
Donor_429,0
Donor_43,0
Donor_430,0
Donor_431,0
Donor_432,0
Donor_433,0
Donor_434,0
Donor_445,0
Donor_436,0
Donor_437,0
Donor_438,0
Donor_439,0
Donor_44,0
Donor_440,0
Donor_441,0
Donor_442,0
Donor_443,0
Donor_444,0
Donor_435,0
Donor_1360,0
Donor_1361,0
Donor_1362,0
Donor_1363,0
Donor_1364,0
Donor_1365,0
Donor_1366,0
Donor_1367,0
Donor_1368,0
Donor_23,0
Donor_137,0
Donor_1370,0
Donor_1371,0
Donor_1372,0
Donor_1373,0
Donor_1374,0
Donor_1375,0
Donor_1376,0
Donor_1377,0
Donor_1378,0
Donor_1369,0
Donor_1340,0
Donor_1341,0
Donor_1342,0
Donor_1343,0
Donor_1344,0
Donor_1345,0
Donor_1346,0
Donor_1347,0
Donor_1348,0
Donor_1349,0
Donor_136,0
Donor_1350,0
Donor_1351,0
Donor_1352,0
Donor_1353,0
Donor_1354,0
Donor_1355,0
Donor_1356,0
Donor_1357,0
Donor_1358,0
Donor_1359,0
Donor_135,0
Donor_14,0
Donor_140,0
Donor_1400,0
Donor_1401,0
Donor_1402,0
Donor_1403,0
Donor_1404,0
Donor_1405,0
Donor_1406,0
Donor_1407,0
Donor_1379,0
Donor_1409,0
Donor_141,0
Donor_1410,0
Donor_1411,0
Donor_1412,0
Donor_1413,0
Donor_1414,0
Donor_1415,0
Donor_1416,0
Donor_1417,0
Donor_1408,0
Donor_138,0
Donor_1380,0
Donor_1381,0
Donor_1382,0
Donor_1383,0
Donor_1384,0
Donor_1385,0
Donor_1386,0
Donor_1387,0
Donor_1388,0
Donor_1399,0
Donor_139,0
Donor_1390,0
Donor_1391,0
Donor_1392,0
Donor_1393,0
Donor_1394,0
Donor_1395,0
Donor_1396,0
Donor_1397,0
Donor_1398,0
Donor_1389,0
Donor_1282,0
Donor_1283,0
Donor_1284,0
Donor_1285,0
Donor_1286,0
Donor_1287,0
Donor_1288,0
Donor_1289,0
Donor_129,0
Donor_134,0
Donor_1291,0
Donor_1292,0
Donor_1293,0
Donor_1294,0
Donor_1295,0
Donor_1296,0
Donor_1297,0
Donor_1298,0
Donor_1299,0
Donor_13,0
Donor_1290,0
Donor_1262,0
Donor_1263,0
Donor_1264,0
Donor_1265,0
Donor_1266,0
Donor_1267,0
Donor_1268,0
Donor_1269,0
Donor_127,0
Donor_1270,0
Donor_1281,0
Donor_1272,0
Donor_1273,0
Donor_1274,0
Donor_1275,0
Donor_1276,0
Donor_1277,0
Donor_1278,0
Donor_1279,0
Donor_128,0
Donor_1280,0
Donor_1271,0
Donor_1320,0
Donor_1321,0
Donor_1322,0
Donor_1323,0
Donor_1324,0
Donor_1325,0
Donor_1326,0
Donor_1327,0
Donor_1328,0
Donor_1329,0
Donor_130,0
Donor_1330,0
Donor_1331,0
Donor_1332,0
Donor_1333,0
Donor_1334,0
Donor_1335,0
Donor_1336,0
Donor_1337,0
Donor_1338,0
Donor_1339,0
Donor_133,0
Donor_1300,0
Donor_1301,0
Donor_1302,0
Donor_1303,0
Donor_1304,0
Donor_1305,0
Donor_1306,0
Donor_1307,0
Donor_1308,0
Donor_1309,0
Donor_132,0
Donor_1310,0
Donor_1311,0
Donor_1312,0
Donor_1313,0
Donor_1314,0
Donor_1315,0
Donor_1316,0
Donor_1317,0
Donor_1318,0
Donor_1319,0
Donor_131,0
Donor_172,0
Donor_173,0
Donor_174,0
Donor_175,0
Donor_176,0
Donor_177,0
Donor_178,0
Donor_179,0
Donor_18,0
Donor_1418,0
Donor_181,0
Donor_182,0
Donor_183,0
Donor_184,0
Donor_185,0
Donor_186,0
Donor_187,0
Donor_188,0
Donor_189,0
Donor_19,0
Donor_180,0
Donor_152,0
Donor_153,0
Donor_154,0
Donor_155,0
Donor_156,0
Donor_157,0
Donor_158,0
Donor_159,0
Donor_16,0
Donor_160,0
Donor_171,0
Donor_162,0
Donor_163,0
Donor_164,0
Donor_165,0
Donor_166,0
Donor_167,0
Donor_168,0
Donor_169,0
Donor_17,0
Donor_170,0
Donor_161,0
Donor_210,0
Donor_211,0
Donor_212,0
Donor_213,0
Donor_214,0
Donor_215,0
Donor_216,0
Donor_217,0
Donor_218,0
Donor_219,0
Donor_190,0
Donor_220,0
Donor_221,0
Donor_222,0
Donor_223,0
Donor_224,0
Donor_225,0
Donor_226,0
Donor_227,0
Donor_228,0
Donor_229,0
Donor_22,0
Donor_191,0
Donor_192,0
Donor_193,0
Donor_194,0
Donor_195,0
Donor_196,0
Donor_197,0
Donor_198,0
Donor_199,0
Donor_2,0
Donor_21,0
Donor_200,0
Donor_201,0
Donor_202,0
Donor_203,0
Donor_204,0
Donor_205,0
Donor_206,0
Donor_207,0
Donor_208,0
Donor_209,0
Donor_20,0
Donor_1439,0
Donor_144,0
Donor_1440,0
Donor_1441,0
Donor_1442,0
Donor_1443,0
Donor_1444,0
Donor_1445,0
Donor_1446,0
Donor_151,0
Donor_1448,0
Donor_1449,0
Donor_145,0
Donor_1450,0
Donor_1451,0
Donor_1452,0
Donor_1453,0
Donor_1454,0
Donor_1455,0
Donor_1456,0
Donor_1447,0
Donor_1419,0
Donor_142,0
Donor_1420,0
Donor_1421,0
Donor_1422,0
Donor_1423,0
Donor_1424,0
Donor_1425,0
Donor_1426,0
Donor_1427,0
Donor_1438,0
Donor_1429,0
Donor_143,0
Donor_1430,0
Donor_1431,0
Donor_1432,0
Donor_1433,0
Donor_1434,0
Donor_1435,0
Donor_1436,0
Donor_1437,0
Donor_1428,0
Donor_1478,0
Donor_1479,0
Donor_148,0
Donor_1480,0
Donor_1481,0
Donor_1482,0
Donor_1483,0
Donor_1484,0
Donor_1485,0
Donor_1486,0
Donor_1457,0
Donor_1488,0
Donor_1489,0
Donor_149,0
Donor_1490,0
Donor_1491,0
Donor_1492,0
Donor_1493,0
Donor_1494,0
Donor_15,0
Donor_150,0
Donor_1487,0
Donor_1458,0
Donor_1459,0
Donor_146,0
Donor_1460,0
Donor_1461,0
Donor_1462,0
Donor_1463,0
Donor_1464,0
Donor_1465,0
Donor_1466,0
Donor_1477,0
Donor_1468,0
Donor_1469,0
Donor_147,0
Donor_1470,0
Donor_1471,0
Donor_1472,0
Donor_1473,0
Donor_1474,0
Donor_1475,0
Donor_1476,0
Donor_1467,0
